id,reducer_key,workflow_id,subject_id,created_at,updated_at,subgroup,data.1,data.0
4218728,counts,4975,12917558,,,_default,1,3
4218732,counts,4975,12918060,,,_default,"",6
4218734,counts,4975,12917900,,,_default,"",5
4218740,counts,4975,12918520,,,_default,"",2
4218741,counts,4975,12918608,,,_default,5,2
4218748,counts,4975,12918728,,,_default,"",7
4218752,counts,4975,12919648,,,_default,"",1
4218753,counts,4975,12919935,,,_default,2,2
4218756,counts,4975,12917602,,,_default,5,2
4218758,counts,4975,12917630,,,_default,5,1
4218759,counts,4975,12920048,,,_default,"",1
4218760,counts,4975,12917978,,,_default,"",5
4218761,counts,4975,12920107,,,_default,1,5
4218765,counts,4975,12918184,,,_default,"",5
4218769,counts,4975,12918901,,,_default,"",5
4218770,counts,4975,12920506,,,_default,5,2
4218771,counts,4975,12923257,,,_default,"",4
4218772,counts,4975,12918182,,,_default,"",5
4218775,counts,4975,12919792,,,_default,"",5
4218780,counts,4975,12918832,,,_default,"",2
4218781,counts,4975,12919903,,,_default,1,6
4218782,counts,4975,12919013,,,_default,1,5
4218783,counts,4975,12920029,,,_default,"",5
4218784,counts,4975,12919546,,,_default,2,5
4218785,counts,4975,12920263,,,_default,"",6
4218792,counts,4975,12920651,,,_default,"",2
4218796,counts,4975,12920716,,,_default,"",6
4218797,counts,4975,12920862,,,_default,"",5
4218798,counts,4975,12920216,,,_default,"",2
4218801,counts,4975,12920051,,,_default,"",2
4218806,counts,4975,12920982,,,_default,1,5
4218807,counts,4975,12920712,,,_default,"",6
4218808,counts,4975,12921112,,,_default,"",5
4218809,counts,4975,12923033,,,_default,"",2
4218810,counts,4975,12921654,,,_default,"",5
4218811,counts,4975,12922158,,,_default,"",5
4218815,counts,4975,12920974,,,_default,1,2
4218816,counts,4975,12922732,,,_default,"",1
4218817,counts,4975,12917836,,,_default,1,5
4218818,counts,4975,12917827,,,_default,"",5
4218819,counts,4975,12917554,,,_default,5,3
4218820,counts,4975,12918415,,,_default,"",5
4218821,counts,4975,12917867,,,_default,4,1
4218822,counts,4975,12918513,,,_default,"",5
4218823,counts,4975,12918179,,,_default,"",6
4218824,counts,4975,12917832,,,_default,"",5
4218828,counts,4975,12919059,,,_default,"",5
4218830,counts,4975,12919063,,,_default,4,1
4218831,counts,4975,12917951,,,_default,"",5
4218832,counts,4975,12919619,,,_default,"",6
4218833,counts,4975,12920910,,,_default,5,2
4218834,counts,4975,12918291,,,_default,"",3
4218835,counts,4975,12921330,,,_default,7,2
4218836,counts,4975,12921331,,,_default,5,3
4218837,counts,4975,12917606,,,_default,"",1
4218839,counts,4975,12920510,,,_default,"",1
4218842,counts,4975,12918623,,,_default,"",5
4218843,counts,4975,12921355,,,_default,"",2
4218844,counts,4975,12922392,,,_default,"",3
4218845,counts,4975,12921626,,,_default,"",5
4218846,counts,4975,12918040,,,_default,1,""
4218847,counts,4975,12920132,,,_default,"",5
4218848,counts,4975,12923458,,,_default,"",6
4218849,counts,4975,12922015,,,_default,1,5
4218850,counts,4975,12920192,,,_default,5,""
4218851,counts,4975,12922133,,,_default,"",7
4218852,counts,4975,12920280,,,_default,"",5
4218853,counts,4975,12922141,,,_default,1,6
4218854,counts,4975,12922597,,,_default,1,4
4218855,counts,4975,12918389,,,_default,"",3
4218857,counts,4975,12923358,,,_default,"",6
4218858,counts,4975,12920399,,,_default,"",1
4218861,counts,4975,12923722,,,_default,"",2
4218863,counts,4975,12920580,,,_default,"",5
4218864,counts,4975,12921161,,,_default,1,7
4218865,counts,4975,12917942,,,_default,"",6
4218866,counts,4975,12918053,,,_default,1,5
4218867,counts,4975,12917564,,,_default,1,""
4218868,counts,4975,12917617,,,_default,"",5
4218871,counts,4975,12923639,,,_default,"",1
4218873,counts,4975,12919879,,,_default,"",3
4218874,counts,4975,12919702,,,_default,"",2
4218878,counts,4975,12918160,,,_default,"",5
4218879,counts,4975,12918642,,,_default,"",5
4218880,counts,4975,12923644,,,_default,"",5
4218881,counts,4975,12920859,,,_default,"",5
4218882,counts,4975,12919783,,,_default,"",5
4218883,counts,4975,12920251,,,_default,"",2
4218890,counts,4975,12921110,,,_default,1,3
4218894,counts,4975,12920412,,,_default,"",5
4218901,counts,4975,12917622,,,_default,1,1
4218906,counts,4975,12918188,,,_default,3,5
4218908,counts,4975,12920583,,,_default,"",5
4218910,counts,4975,12918333,,,_default,2,3
4218911,counts,4975,12920873,,,_default,"",5
4218912,counts,4975,12918601,,,_default,1,5
4218913,counts,4975,12917765,,,_default,"",5
4218914,counts,4975,12921517,,,_default,"",5
4218915,counts,4975,12918920,,,_default,"",5
4218917,counts,4975,12923036,,,_default,"",5
4218921,counts,4975,12923471,,,_default,"",4
4218925,counts,4975,12920991,,,_default,"",5
4218926,counts,4975,12917899,,,_default,"",5
4218930,counts,4975,12923655,,,_default,1,1
4218940,counts,4975,12923657,,,_default,6,""
4218941,counts,4975,12921891,,,_default,"",5
4218942,counts,4975,12922507,,,_default,"",""
4218949,counts,4975,12919694,,,_default,2,5
4218953,counts,4975,12923666,,,_default,4,6
4218957,counts,4975,12923772,,,_default,"",2
4218967,counts,4975,12920063,,,_default,"",4
4218971,counts,4975,12920609,,,_default,82,332
4218972,counts,4975,12919976,,,_default,1,5
4218982,counts,4975,12917768,,,_default,"",5
4218983,counts,4975,12919890,,,_default,"",3
4218987,counts,4975,12920725,,,_default,"",5
4218992,counts,4975,12917570,,,_default,5,2
4218994,counts,4975,12918398,,,_default,"",5
4218996,counts,4975,12917706,,,_default,"",3
4218999,counts,4975,12922046,,,_default,"",5
4219004,counts,4975,12918701,,,_default,4,2
4219007,counts,4975,12920440,,,_default,"",5
4219009,counts,4975,12918410,,,_default,1,6
4219016,counts,4975,12920790,,,_default,1,1
4219018,counts,4975,12918752,,,_default,1,3
4219020,counts,4975,12920512,,,_default,"",1
4219021,counts,4975,12918498,,,_default,"",2
4219024,counts,4975,12922379,,,_default,"",5
4219028,counts,4975,12922499,,,_default,"",5
4219029,counts,4975,12921006,,,_default,1,5
4219030,counts,4975,12918748,,,_default,2,""
4219037,counts,4975,12918482,,,_default,"",5
4219041,counts,4975,12920148,,,_default,6,4
4219042,counts,4975,12918750,,,_default,1,5
4219046,counts,4975,12922851,,,_default,"",5
4219050,counts,4975,12920840,,,_default,"",5
4219051,counts,4975,12921650,,,_default,"",5
4219055,counts,4975,12918985,,,_default,"",1
4219056,counts,4975,12917749,,,_default,5,2
4219060,counts,4975,12920141,,,_default,1,5
4219064,counts,4975,12921860,,,_default,"",5
4219065,counts,4975,12921914,,,_default,"",5
4219069,counts,4975,12917707,,,_default,"",""
4219073,counts,4975,12922142,,,_default,"",5
4219074,counts,4975,12919721,,,_default,261,86
4219075,counts,4975,12918782,,,_default,1,6
4219076,counts,4975,12922618,,,_default,"",3
4219077,counts,4975,12917773,,,_default,1,5
4219078,counts,4975,12919715,,,_default,1,5
4219079,counts,4975,12919422,,,_default,5,2
4219080,counts,4975,12919449,,,_default,"",3
4219081,counts,4975,12923251,,,_default,"",5
4219085,counts,4975,12919777,,,_default,"",3
4219086,counts,4975,12923771,,,_default,3,5
4219087,counts,4975,12922514,,,_default,"",2
4219088,counts,4975,12917941,,,_default,"",5
4219092,counts,4975,12917972,,,_default,"",5
4219093,counts,4975,12919895,,,_default,"",1
4219094,counts,4975,12923357,,,_default,"",6
4219098,counts,4975,12918835,,,_default,"",7
4219099,counts,4975,12917774,,,_default,1,5
4219100,counts,4975,12919882,,,_default,"",3
4219101,counts,4975,12917609,,,_default,1,5
4219108,counts,4975,12917819,,,_default,"",6
4219112,counts,4975,12918776,,,_default,2,6
4219113,counts,4975,12918157,,,_default,"",6
4219117,counts,4975,12921000,,,_default,"",5
4219119,counts,4975,12918830,,,_default,1,2
4219120,counts,4975,12918070,,,_default,1,5
4219124,counts,4975,12921767,,,_default,"",5
4219125,counts,4975,12917668,,,_default,2,5
4219126,counts,4975,12918371,,,_default,3,4
4219129,counts,4975,12920509,,,_default,2,""
4219131,counts,4975,12921799,,,_default,5,3
4219132,counts,4975,12917818,,,_default,"",5
4219133,counts,4975,12919899,,,_default,"",5
4219134,counts,4975,12921780,,,_default,"",5
4219135,counts,4975,12920019,,,_default,5,5
4219136,counts,4975,12918523,,,_default,1,7
4219137,counts,4975,12917966,,,_default,"",5
4219138,counts,4975,12922613,,,_default,"",5
4219142,counts,4975,12918268,,,_default,"",3
4219143,counts,4975,12923363,,,_default,"",4
4219145,counts,4975,12917727,,,_default,"",3
4219146,counts,4975,12919626,,,_default,3,5
4219149,counts,4975,12920567,,,_default,"",5
4219150,counts,4975,12918387,,,_default,1,1
4219155,counts,4975,12919392,,,_default,"",5
4219157,counts,4975,12919493,,,_default,4,5
4219158,counts,4975,12921145,,,_default,"",6
4219159,counts,4975,12919395,,,_default,"",1
4219161,counts,4975,12919658,,,_default,5,2
4219164,counts,4975,12923565,,,_default,3,1
4219172,counts,4975,12922169,,,_default,4,5
4219173,counts,4975,12917577,,,_default,3,5
4219177,counts,4975,12919881,,,_default,"",5
4219178,counts,4975,12919659,,,_default,"",""
4219181,counts,4975,12918606,,,_default,"",5
4219186,counts,4975,12922707,,,_default,3,5
4219187,counts,4975,12923463,,,_default,1,5
4219188,counts,4975,12921146,,,_default,2,5
4219189,counts,4975,12918893,,,_default,1,5
4219190,counts,4975,12917945,,,_default,1,5
4219191,counts,4975,12919808,,,_default,"",7
4219196,counts,4975,12920042,,,_default,"",6
4219197,counts,4975,12919049,,,_default,3,5
4219198,counts,4975,12917559,,,_default,1,""
4219199,counts,4975,12921020,,,_default,"",5
4219200,counts,4975,12919948,,,_default,"",5
4219203,counts,4975,12922027,,,_default,"",5
4219205,counts,4975,12918214,,,_default,4,""
4219206,counts,4975,12920800,,,_default,4,5
4219207,counts,4975,12922039,,,_default,"",6
4219208,counts,4975,12921511,,,_default,"",5
4219209,counts,4975,12921058,,,_default,6,""
4219210,counts,4975,12922149,,,_default,"",6
4219211,counts,4975,12917653,,,_default,"",4
4219215,counts,4975,12921634,,,_default,"",3
4219220,counts,4975,12923029,,,_default,"",5
4219224,counts,4975,12922157,,,_default,"",6
4219227,counts,4975,12922164,,,_default,"",6
4219231,counts,4975,12917701,,,_default,"",5
4219232,counts,4975,12917713,,,_default,1,5
4219234,counts,4975,12922372,,,_default,1,6
4219237,counts,4975,12919733,,,_default,"",""
4219238,counts,4975,12923438,,,_default,5,4
4219239,counts,4975,12917824,,,_default,1,5
4219243,counts,4975,12921073,,,_default,5,2
4219250,counts,4975,12923035,,,_default,1,5
4219251,counts,4975,12921508,,,_default,"",5
4219252,counts,4975,12922509,,,_default,"",3
4219253,counts,4975,12917956,,,_default,1,6
4219254,counts,4975,12923245,,,_default,2,5
4219255,counts,4975,12919886,,,_default,"",2
4219256,counts,4975,12918273,,,_default,1,2
4219257,counts,4975,12920060,,,_default,"",""
4219260,counts,4975,12922251,,,_default,4,3
4219264,counts,4975,12917944,,,_default,1,6
4219266,counts,4975,12918521,,,_default,1,5
4219267,counts,4975,12922271,,,_default,1,6
4219268,counts,4975,12920104,,,_default,1,3
4219269,counts,4975,12919565,,,_default,2,5
4219270,counts,4975,12918559,,,_default,"",1
4219271,counts,4975,12918395,,,_default,1,6
4219272,counts,4975,12918639,,,_default,"",5
4219273,counts,4975,12922845,,,_default,"",6
4219274,counts,4975,12920424,,,_default,1,5
4219275,counts,4975,12919705,,,_default,1,4
4219280,counts,4975,12919945,,,_default,"",4
4219281,counts,4975,12923031,,,_default,"",5
4219282,counts,4975,12920838,,,_default,"",5
4219283,counts,4975,12919736,,,_default,1,5
4219284,counts,4975,12919717,,,_default,"",5
4219285,counts,4975,12923253,,,_default,"",5
4219286,counts,4975,12920577,,,_default,"",5
4219287,counts,4975,12919795,,,_default,"",5
4219288,counts,4975,12921763,,,_default,1,1
4219289,counts,4975,12923779,,,_default,2,2
4219290,counts,4975,12922366,,,_default,1,3
4219291,counts,4975,12918732,,,_default,"",5
4219292,counts,4975,12919818,,,_default,"",1
4219294,counts,4975,12918841,,,_default,5,1
4219297,counts,4975,12919692,,,_default,5,5
4219302,counts,4975,12920284,,,_default,"",5
4219305,counts,4975,12920522,,,_default,5,""
4219306,counts,4975,12920571,,,_default,"",5
4219307,counts,4975,12918289,,,_default,"",5
4219314,counts,4975,12921637,,,_default,"",5
4219315,counts,4975,12919774,,,_default,1,5
4219316,counts,4975,12923559,,,_default,"",5
4219317,counts,4975,12918702,,,_default,5,1
4219318,counts,4975,12921656,,,_default,"",6
4219319,counts,4975,12920359,,,_default,"",1
4219320,counts,4975,12922709,,,_default,1,6
4219321,counts,4975,12920701,,,_default,1,5
4219322,counts,4975,12921337,,,_default,1,5
4219323,counts,4975,12923720,,,_default,"",3
4219324,counts,4975,12920247,,,_default,6,""
4219325,counts,4975,12920497,,,_default,5,1
4219326,counts,4975,12921490,,,_default,1,3
4219327,counts,4975,12919066,,,_default,"",5
4219328,counts,4975,12918282,,,_default,1,5
4219332,counts,4975,12921782,,,_default,36,374
4219333,counts,4975,12923360,,,_default,"",5
4219334,counts,4975,12919498,,,_default,196,165
4219335,counts,4975,12919738,,,_default,1,5
4219336,counts,4975,12917814,,,_default,"",5
4219337,counts,4975,12918518,,,_default,3,6
4219338,counts,4975,12921793,,,_default,"",5
4219339,counts,4975,12920361,,,_default,"",""
4219340,counts,4975,12920694,,,_default,"",1
4219344,counts,4975,12918260,,,_default,2,1
4219345,counts,4975,12920447,,,_default,"",2
4219346,counts,4975,12919714,,,_default,"",2
4219347,counts,4975,12920848,,,_default,"",5
4219348,counts,4975,12920720,,,_default,"",4
4219349,counts,4975,12918611,,,_default,"",2
4219350,counts,4975,12922131,,,_default,1,3
4219352,counts,4975,12922610,,,_default,"",5
4219355,counts,4975,12922276,,,_default,"",6
4219359,counts,4975,12920734,,,_default,"",5
4219360,counts,4975,12922735,,,_default,"",5
4219361,counts,4975,12922622,,,_default,1,6
4219362,counts,4975,12922005,,,_default,"",3
4219363,counts,4975,12920738,,,_default,3,5
4219364,counts,4975,12917751,,,_default,"",5
4219365,counts,4975,12923143,,,_default,"",6
4219366,counts,4975,12917601,,,_default,5,""
4219367,counts,4975,12921154,,,_default,"",5
4219369,counts,4975,12917613,,,_default,"",5
4219375,counts,4975,12921333,,,_default,"",5
4219376,counts,4975,12917779,,,_default,1,5
4219377,counts,4975,12918983,,,_default,"",""
4219378,counts,4975,12917619,,,_default,"",5
4219379,counts,4975,12917780,,,_default,"",5
4219380,counts,4975,12917662,,,_default,1,5
4219384,counts,4975,12919541,,,_default,"",5
4219385,counts,4975,12921346,,,_default,"",5
4219386,counts,4975,12918506,,,_default,1,5
4219387,counts,4975,12917760,,,_default,"",2
4219388,counts,4975,12918529,,,_default,5,3
4219389,counts,4975,12919800,,,_default,"",5
4219390,counts,4975,12918401,,,_default,"",5
4219391,counts,4975,12917891,,,_default,3,4
4219392,counts,4975,12919388,,,_default,"",7
4219393,counts,4975,12918528,,,_default,6,""
4219394,counts,4975,12922256,,,_default,1,5
4219395,counts,4975,12918563,,,_default,2,5
4219400,counts,4975,12921143,,,_default,5,3
4219403,counts,4975,12921631,,,_default,"",2
4219404,counts,4975,12922134,,,_default,1,5
4219406,counts,4975,12918917,,,_default,1,3
4219413,counts,4975,12920249,,,_default,"",2
4219414,counts,4975,12923259,,,_default,1,6
4219420,counts,4975,12919606,,,_default,"",1
4219423,counts,4975,12920724,,,_default,"",5
4219426,counts,4975,12921382,,,_default,"",5
4219427,counts,4975,12917829,,,_default,"",4
4219428,counts,4975,12919475,,,_default,"",5
4219431,counts,4975,12917782,,,_default,"",3
4219432,counts,4975,12923249,,,_default,"",5
4219437,counts,4975,12921911,,,_default,"",5
4219438,counts,4975,12919044,,,_default,1,5
4219439,counts,4975,12920050,,,_default,"",1
4219443,counts,4975,12920115,,,_default,"",5
4219444,counts,4975,12918376,,,_default,1,4
4219448,counts,4975,12917561,,,_default,1,1
4219449,counts,4975,12917562,,,_default,1,""
4219450,counts,4975,12919769,,,_default,2,1
4219456,counts,4975,12919719,,,_default,6,3
4219468,counts,4975,12919787,,,_default,"",5
4219471,counts,4975,12917655,,,_default,"",5
4219475,counts,4975,12919793,,,_default,"",6
4219476,counts,4975,12919381,,,_default,5,2
4219480,counts,4975,12919939,,,_default,"",3
4219484,counts,4975,12918068,,,_default,"",5
4219486,counts,4975,12920200,,,_default,"",5
4219492,counts,4975,12919805,,,_default,"",5
4219493,counts,4975,12917964,,,_default,"",5
4219500,counts,4975,12920269,,,_default,"",5
4219504,counts,4975,12920362,,,_default,"",1
4219505,counts,4975,12918595,,,_default,2,5
4219510,counts,4975,12918176,,,_default,"",5
4219513,counts,4975,12921013,,,_default,1,""
4219514,counts,4975,12920574,,,_default,"",5
4219521,counts,4975,12918981,,,_default,1,5
4219525,counts,4975,12921387,,,_default,"",5
4219526,counts,4975,12920589,,,_default,1,5
4219533,counts,4975,12920266,,,_default,2,5
4219538,counts,4975,12923138,,,_default,"",4
4219545,counts,4975,12919902,,,_default,"",1
4219546,counts,4975,12918162,,,_default,"",6
4219550,counts,4975,12923145,,,_default,"",3
4219552,counts,4975,12920980,,,_default,"",5
4219558,counts,4975,12921158,,,_default,"",6
4219559,counts,4975,12919390,,,_default,1,4
4219560,counts,4975,12917515,,,_default,2,5
4219561,counts,4975,12921906,,,_default,"",5
4219562,counts,4975,12919637,,,_default,"",5
4219563,counts,4975,12922719,,,_default,"",5
4219565,counts,4975,12919394,,,_default,"",4
4219567,counts,4975,12921368,,,_default,1,5
4219569,counts,4975,12918409,,,_default,"",5
4219570,counts,4975,12917665,,,_default,"",5
4219571,counts,4975,12920495,,,_default,5,1
4219575,counts,4975,12918056,,,_default,"",5
4219579,counts,4975,12921662,,,_default,"",5
4219583,counts,4975,12919984,,,_default,"",3
4219587,counts,4975,12918633,,,_default,97,279
4219590,counts,4975,12921284,,,_default,1,5
4219595,counts,4975,12918602,,,_default,"",2
4219599,counts,4975,12918839,,,_default,"",4
4219600,counts,4975,12921343,,,_default,"",5
4219601,counts,4975,12920433,,,_default,"",6
4219614,counts,4975,12919478,,,_default,"",5
4219615,counts,4975,12922002,,,_default,3,5
4219617,counts,4975,12923134,,,_default,5,2
4219618,counts,4975,12920442,,,_default,"",5
4219622,counts,4975,12920518,,,_default,2,3
4219623,counts,4975,12923262,,,_default,1,5
4219643,counts,4975,12921010,,,_default,"",5
4219648,counts,4975,12917556,,,_default,5,""
4219651,counts,4975,12921294,,,_default,5,2
4219655,counts,4975,12922136,,,_default,1,5
4219659,counts,4975,12917709,,,_default,"",""
4219664,counts,4975,12917770,,,_default,"",5
4219668,counts,4975,12918979,,,_default,"",6
4219669,counts,4975,12919548,,,_default,"",5
4219670,counts,4975,12919790,,,_default,"",5
4219674,counts,4975,12920344,,,_default,5,1
4219675,counts,4975,12918904,,,_default,1,5
4219679,counts,4975,12918643,,,_default,2,5
4219680,counts,4975,12920829,,,_default,5,1
4219684,counts,4975,12920356,,,_default,"",""
4219688,counts,4975,12921026,,,_default,5,5
4219689,counts,4975,12922375,,,_default,1,5
4219690,counts,4975,12923141,,,_default,"",5
4219700,counts,4975,12920174,,,_default,181,224
4219701,counts,4975,12919730,,,_default,"",3
4219702,counts,4975,12920977,,,_default,"",6
4219706,counts,4975,12917674,,,_default,"",1
4219707,counts,4975,12918073,,,_default,"",5
4219711,counts,4975,12917862,,,_default,1,1
4219713,counts,4975,12921778,,,_default,1,5
4219714,counts,4975,12918412,,,_default,"",5
4219715,counts,4975,12918866,,,_default,2,5
4219719,counts,4975,12919553,,,_default,5,2
4219720,counts,4975,12922010,,,_default,"",3
4219721,counts,4975,12919622,,,_default,"",5
4219727,counts,4975,12922512,,,_default,"",3
4219729,counts,4975,12920197,,,_default,"",3
4219731,counts,4975,12919782,,,_default,"",5
4219734,counts,4975,12919416,,,_default,5,3
4219735,counts,4975,12918500,,,_default,"",3
4219739,counts,4975,12920843,,,_default,"",5
4219740,counts,4975,12922862,,,_default,1,2
4219743,counts,4975,12921017,,,_default,"",5
4219749,counts,4975,12920367,,,_default,1,1
4219756,counts,4975,12922123,,,_default,4,5
4219760,counts,4975,12921130,,,_default,1,6
4219761,counts,4975,12918617,,,_default,"",5
4219765,counts,4975,12920415,,,_default,"",5
4219766,counts,4975,12921373,,,_default,1,6
4219767,counts,4975,12921481,,,_default,"",7
4219771,counts,4975,12917616,,,_default,"",2
4219775,counts,4975,12922028,,,_default,1,5
4219776,counts,4975,12917660,,,_default,1,2
4219781,counts,4975,12919574,,,_default,"",5
4219784,counts,4975,12920211,,,_default,"",6
4219785,counts,4975,12920703,,,_default,"",6
4219786,counts,4975,12918909,,,_default,"",5
4219787,counts,4975,12921648,,,_default,"",5
4219794,counts,4975,12921922,,,_default,"",5
4219795,counts,4975,12918263,,,_default,6,4
4219796,counts,4975,12917604,,,_default,"",5
4219797,counts,4975,12922482,,,_default,"",5
4219801,counts,4975,12919386,,,_default,"",5
4219802,counts,4975,12919467,,,_default,"",5
4219806,counts,4975,12919798,,,_default,"",5
4219807,counts,4975,12918279,,,_default,"",5
4219808,counts,4975,12920137,,,_default,"",5
4219812,counts,4975,12919398,,,_default,6,""
4219813,counts,4975,12917894,,,_default,"",5
4219814,counts,4975,12923468,,,_default,1,4
4219815,counts,4975,12919973,,,_default,2,5
4219819,counts,4975,12919820,,,_default,1,1
4219820,counts,4975,12917757,,,_default,"",4
4219821,counts,4975,12918261,,,_default,5,3
4219822,counts,4975,12917762,,,_default,3,5
4219823,counts,4975,12917712,,,_default,"",5
4219827,counts,4975,12918479,,,_default,"",3
4219828,counts,4975,12917812,,,_default,1,5
4219829,counts,4975,12917725,,,_default,1,3
4219830,counts,4975,12920504,,,_default,"",5
4219835,counts,4975,12919470,,,_default,"",5
4219836,counts,4975,12921364,,,_default,"",5
4219843,counts,4975,12919628,,,_default,1,5
4219844,counts,4975,12918621,,,_default,"",4
4219848,counts,4975,12923040,,,_default,"",2
4219852,counts,4975,12919487,,,_default,"",6
4219853,counts,4975,12918626,,,_default,"",6
4219854,counts,4975,12920563,,,_default,"",5
4219855,counts,4975,12919938,,,_default,"",1
4219860,counts,4975,12919456,,,_default,2,5
4219867,counts,4975,12919489,,,_default,"",5
4219870,counts,4975,12919989,,,_default,5,2
4219872,counts,4975,12919464,,,_default,"",6
4219873,counts,4975,12920871,,,_default,"",5
4219874,counts,4975,12920698,,,_default,"",5
4219890,counts,4975,12923704,,,_default,3,5
4219892,counts,4975,12919544,,,_default,"",2
4219899,counts,4975,12919610,,,_default,2,5
4219900,counts,4975,12920057,,,_default,"",1
4219901,counts,4975,12921304,,,_default,3,5
4219905,counts,4975,12922267,,,_default,"",6
4219912,counts,4975,12920568,,,_default,"",5
4219913,counts,4975,12920834,,,_default,"",5
4219917,counts,4975,12921623,,,_default,1,6
4219921,counts,4975,12918868,,,_default,"",6
4219922,counts,4975,12922152,,,_default,"",6
4219923,counts,4975,12920422,,,_default,39,397
4219924,counts,4975,12922367,,,_default,"",4
4219925,counts,4975,12921766,,,_default,"",1
4219926,counts,4975,12922490,,,_default,"",5
4219930,counts,4975,12922850,,,_default,"",5
4219931,counts,4975,12918285,,,_default,2,5
4219932,counts,4975,12917644,,,_default,6,5
4219933,counts,4975,12919653,,,_default,4,3
4219934,counts,4975,12917784,,,_default,5,""
4219936,counts,4975,12920364,,,_default,"",4
4219939,counts,4975,12919706,,,_default,"",2
4219943,counts,4975,12918067,,,_default,"",5
4219948,counts,4975,12922740,,,_default,1,5
4219949,counts,4975,12917810,,,_default,"",5
4219950,counts,4975,12918332,,,_default,"",2
4219951,counts,4975,12923455,,,_default,"",6
4219952,counts,4975,12917939,,,_default,"",5
4219953,counts,4975,12918906,,,_default,4,5
4219956,counts,4975,12921342,,,_default,"",5
4219963,counts,4975,12917963,,,_default,1,5
4219965,counts,4975,12922047,,,_default,"",5
4219968,counts,4975,12919495,,,_default,4,7
4219970,counts,4975,12917816,,,_default,"",5
4219971,counts,4975,12919389,,,_default,"",5
4219972,counts,4975,12920414,,,_default,"",5
4219973,counts,4975,12919570,,,_default,"",6
4219977,counts,4975,12920133,,,_default,"",5
4219978,counts,4975,12918515,,,_default,"",5
4219979,counts,4975,12917961,,,_default,"",5
4219980,counts,4975,12923139,,,_default,"",5
4219984,counts,4975,12917699,,,_default,5,4
4219991,counts,4975,12919535,,,_default,5,3
4219992,counts,4975,12920187,,,_default,1,1
4220002,counts,4975,12918058,,,_default,"",5
4220003,counts,4975,12919780,,,_default,"",6
4220010,counts,4975,12919055,,,_default,1,7
4220014,counts,4975,12921632,,,_default,"",2
4220015,counts,4975,12919625,,,_default,"",5
4220025,counts,4975,12922854,,,_default,"",2
4220048,counts,4975,12923548,,,_default,"",3
4220050,counts,4975,12918636,,,_default,"",5
4220051,counts,4975,12923562,,,_default,"",5
4220052,counts,4975,12919486,,,_default,"",5
4220056,counts,4975,12920502,,,_default,"",2
4220057,counts,4975,12917879,,,_default,1,5
4220061,counts,4975,12919866,,,_default,1,""
4220062,counts,4975,12920575,,,_default,"",6
4220064,counts,4975,12920102,,,_default,1,1
4220073,counts,4975,12920123,,,_default,"",5
4220074,counts,4975,12920553,,,_default,"",1
4220078,counts,4975,12918865,,,_default,1,1
4220080,counts,4975,12921514,,,_default,"",7
4220081,counts,4975,12921115,,,_default,1,5
4220082,counts,4975,12921788,,,_default,"",5
4220083,counts,4975,12920707,,,_default,"",5
4220084,counts,4975,12922154,,,_default,"",5
4220085,counts,4975,12920794,,,_default,1,6
4220088,counts,4975,12923466,,,_default,1,1
4220092,counts,4975,12920398,,,_default,5,1
4220097,counts,4975,12921888,,,_default,1,2
4220098,counts,4975,12921367,,,_default,"",5
4220099,counts,4975,12917710,,,_default,"",5
4220100,counts,4975,12922122,,,_default,3,4
4220101,counts,4975,12921135,,,_default,"",5
4220102,counts,4975,12922023,,,_default,"",5
4220103,counts,4975,12918764,,,_default,"",5
4220106,counts,4975,12923731,,,_default,4,4
4220108,counts,4975,12917702,,,_default,1,6
4220109,counts,4975,12920594,,,_default,"",6
4220113,counts,4975,12917752,,,_default,"",5
4220114,counts,4975,12917754,,,_default,3,4
4220115,counts,4975,12921339,,,_default,"",5
4220122,counts,4975,12920498,,,_default,"",4
4220123,counts,4975,12918413,,,_default,"",3
4220128,counts,4975,12920713,,,_default,1,6
4220129,counts,4975,12920209,,,_default,"",5
4220130,counts,4975,12919069,,,_default,2,5
4220131,counts,4975,12922370,,,_default,"",5
4220135,counts,4975,12920692,,,_default,1,4
4220136,counts,4975,12921659,,,_default,1,5
4220137,counts,4975,12921151,,,_default,"",5
4220138,counts,4975,12917776,,,_default,"",6
4220139,counts,4975,12923642,,,_default,"",6
4220140,counts,4975,12923546,,,_default,"",6
4220142,counts,4975,12921153,,,_default,1,5
4220144,counts,4975,12918615,,,_default,"",3
4220146,counts,4975,12917659,,,_default,"",2
4220147,counts,4975,12920347,,,_default,"",1
4220148,counts,4975,12917724,,,_default,"",5
4220149,counts,4975,12920401,,,_default,1,1
4220150,counts,4975,12918756,,,_default,"",3
4220151,counts,4975,12919060,,,_default,"",7
4220152,counts,4975,12920431,,,_default,36,390
4220153,counts,4975,12920028,,,_default,"",4
4220154,counts,4975,12917676,,,_default,1,2
4220155,counts,4975,12922607,,,_default,"",5
4220156,counts,4975,12920092,,,_default,5,1
4220157,counts,4975,12919609,,,_default,"",5
4220161,counts,4975,12921138,,,_default,1,5
4220162,counts,4975,12920491,,,_default,"",3
4220163,counts,4975,12917952,,,_default,"",6
4220167,counts,4975,12918614,,,_default,"",5
4220168,counts,4975,12918269,,,_default,"",5
4220169,counts,4975,12921506,,,_default,"",3
4220170,counts,4975,12917967,,,_default,"",5
4220173,counts,4975,12918271,,,_default,1,4
4220178,counts,4975,12922050,,,_default,1,3
4220179,counts,4975,12917721,,,_default,1,5
4220180,counts,4975,12922280,,,_default,"",5
4220181,counts,4975,12918451,,,_default,3,5
4220183,counts,4975,12917718,,,_default,"",1
4220184,counts,4975,12919821,,,_default,"",""
4220188,counts,4975,12920146,,,_default,6,""
4220189,counts,4975,12918504,,,_default,"",3
4220190,counts,4975,12918044,,,_default,"",5
4220191,counts,4975,12922502,,,_default,2,3
4220192,counts,4975,12918765,,,_default,"",5
4220194,counts,4975,12921785,,,_default,"",4
4220198,counts,4975,12922017,,,_default,1,5
4220202,counts,4975,12923646,,,_default,"",5
4220206,counts,4975,12917882,,,_default,"",5
4220207,counts,4975,12919636,,,_default,"",6
4220208,counts,4975,12919473,,,_default,"",5
4220209,counts,4975,12919964,,,_default,"",5
4220213,counts,4975,12918837,,,_default,"",3
4220214,counts,4975,12918912,,,_default,5,3
4220215,counts,4975,12922625,,,_default,"",3
4220216,counts,4975,12920561,,,_default,"",7
4220217,counts,4975,12919953,,,_default,"",5
4220218,counts,4975,12920582,,,_default,"",5
4220219,counts,4975,12921125,,,_default,"",5
4220220,counts,4975,12922036,,,_default,"",5
4220224,counts,4975,12922617,,,_default,"",6
4220225,counts,4975,12919898,,,_default,"",1
4220226,counts,4975,12920710,,,_default,"",5
4220228,counts,4975,12917763,,,_default,"",6
4220240,counts,4975,12917513,,,_default,2,5
4220241,counts,4975,12917957,,,_default,"",5
4220242,counts,4975,12918640,,,_default,"",5
4220249,counts,4975,12919962,,,_default,"",5
4220250,counts,4975,12917833,,,_default,"",5
4220251,counts,4975,12918049,,,_default,"",5
4220255,counts,4975,12918891,,,_default,"",4
4220257,counts,4975,12919543,,,_default,"",5
4220260,counts,4975,12918444,,,_default,"",6
4220261,counts,4975,12920428,,,_default,"",6
4220274,counts,4975,12919936,,,_default,2,2
4220275,counts,4975,12918899,,,_default,"",5
4220282,counts,4975,12918148,,,_default,3,6
4220283,counts,4975,12919046,,,_default,"",5
4220287,counts,4975,12919708,,,_default,"",3
4220291,counts,4975,12920366,,,_default,1,5
4220292,counts,4975,12917759,,,_default,"",6
4220293,counts,4975,12920095,,,_default,2,4
4220294,counts,4975,12918770,,,_default,2,5
4220298,counts,4975,12922632,,,_default,5,""
4220299,counts,4975,12922516,,,_default,3,1
4220303,counts,4975,12918625,,,_default,"",5
4220304,counts,4975,12918146,,,_default,1,3
4220305,counts,4975,12917804,,,_default,1,5
4220312,counts,4975,12920202,,,_default,"",4
4220313,counts,4975,12920274,,,_default,"",5
4220314,counts,4975,12918758,,,_default,"",3
4220325,counts,4975,12919062,,,_default,"",5
4220326,counts,4975,12919778,,,_default,"",5
4220336,counts,4975,12923725,,,_default,"",4
4220355,counts,4975,12919448,,,_default,3,2
4220356,counts,4975,12918729,,,_default,"",5
4220360,counts,4975,12919876,,,_default,"",3
4220361,counts,4975,12920845,,,_default,"",6
4220368,counts,4975,12919050,,,_default,1,4
4220372,counts,4975,12922504,,,_default,"",6
4220376,counts,4975,12919773,,,_default,"",1
4220377,counts,4975,12919888,,,_default,"",2
4220378,counts,4975,12922737,,,_default,"",4
4220382,counts,4975,12919956,,,_default,"",5
4220386,counts,4975,12920408,,,_default,"",3
4220387,counts,4975,12917624,,,_default,5,1
4220388,counts,4975,12920047,,,_default,"",2
4220389,counts,4975,12920265,,,_default,"",6
4220390,counts,4975,12921519,,,_default,"",6
4220394,counts,4975,12922852,,,_default,"",6
4220395,counts,4975,12918061,,,_default,1,5
4220396,counts,4975,12918296,,,_default,"",5
4220402,counts,4975,12920338,,,_default,"",5
4220407,counts,4975,12918390,,,_default,"",5
4220408,counts,4975,12918568,,,_default,4,5
4220409,counts,4975,12917777,,,_default,"",5
4220410,counts,4975,12919459,,,_default,"",5
4220414,counts,4975,12919816,,,_default,1,""
4220424,counts,4975,12920646,,,_default,"",1
4220425,counts,4975,12922484,,,_default,1,6
4220426,counts,4975,12922594,,,_default,1,6
4220427,counts,4975,12917672,,,_default,"",2
4220431,counts,4975,12918745,,,_default,"",3
4220438,counts,4975,12918704,,,_default,5,5
4220439,counts,4975,12918647,,,_default,"",4
4220449,counts,4975,12923777,,,_default,3,2
4220456,counts,4975,12917858,,,_default,5,4
4220460,counts,4975,12918378,,,_default,5,5
4220465,counts,4975,12918093,,,_default,4,7
4220469,counts,4975,12918694,,,_default,1,3
4220470,counts,4975,12920852,,,_default,"",7
4220474,counts,4975,12921777,,,_default,"",5
4220481,counts,4975,12922481,,,_default,1,5
4220482,counts,4975,12922495,,,_default,1,5
4220483,counts,4975,12918400,,,_default,"",5
4220484,counts,4975,12918590,,,_default,5,5
4220485,counts,4975,12922608,,,_default,"",6
4220487,counts,4975,12919419,,,_default,1,""
4220494,counts,4975,12918294,,,_default,"",5
4220500,counts,4975,12917874,,,_default,"",5
4220501,counts,4975,12920697,,,_default,"",5
4220502,counts,4975,12920268,,,_default,"",6
4220503,counts,4975,12920727,,,_default,"",6
4220507,counts,4975,12920704,,,_default,"",5
4220508,counts,4975,12918698,,,_default,"",5
4220510,counts,4975,12921651,,,_default,1,5
4220513,counts,4975,12920997,,,_default,"",3
4220514,counts,4975,12921774,,,_default,1,5
4220515,counts,4975,12920195,,,_default,"",7
4220516,counts,4975,12921636,,,_default,"",4
4220518,counts,4975,12921909,,,_default,"",5
4220519,counts,4975,12922369,,,_default,"",6
4220520,counts,4975,12922388,,,_default,"",5
4220521,counts,4975,12922398,,,_default,5,""
4220522,counts,4975,12921474,,,_default,1,5
4220526,counts,4975,12917663,,,_default,"",5
4220527,counts,4975,12918257,,,_default,"",""
4220528,counts,4975,12922259,,,_default,"",6
4220532,counts,4975,12918503,,,_default,"",5
4220533,counts,4975,12919047,,,_default,1,4
4220534,counts,4975,12918173,,,_default,"",5
4220535,counts,4975,12920036,,,_default,2,9
4220539,counts,4975,12920857,,,_default,"",5
4220540,counts,4975,12919631,,,_default,"",5
4220541,counts,4975,12920777,,,_default,3,5
4220542,counts,4975,12922381,,,_default,"",5
4220543,counts,4975,12922384,,,_default,"",6
4220544,counts,4975,12922044,,,_default,"",6
4220551,counts,4975,12922160,,,_default,"",5
4220552,counts,4975,12922129,,,_default,"",5
4220553,counts,4975,12917970,,,_default,"",5
4220554,counts,4975,12920256,,,_default,"",5
4220555,counts,4975,12921515,,,_default,"",5
4220558,counts,4975,12919042,,,_default,"",5
4220560,counts,4975,12917864,,,_default,"",5
4220561,counts,4975,12919891,,,_default,"",4
4220562,counts,4975,12923136,,,_default,1,5
4220566,counts,4975,12918976,,,_default,"",5
4220569,counts,4975,12921647,,,_default,"",5
4220571,counts,4975,12919008,,,_default,5,""
4220572,counts,4975,12922628,,,_default,1,4
4220573,counts,4975,12920135,,,_default,"",6
4220574,counts,4975,12919454,,,_default,"",5
4220575,counts,4975,12919941,,,_default,"",2
4220576,counts,4975,12919460,,,_default,1,5
4220580,counts,4975,12921014,,,_default,"",5
4220581,counts,4975,12922126,,,_default,2,6
4220582,counts,4975,12921645,,,_default,"",5
4220583,counts,4975,12922246,,,_default,4,6
4220584,counts,4975,12921757,,,_default,"",2
4220585,counts,4975,12922741,,,_default,"",4
4220586,counts,4975,12920053,,,_default,"",2
4220591,counts,4975,12920722,,,_default,"",5
4220592,counts,4975,12920138,,,_default,6,4
4220593,counts,4975,12917704,,,_default,"",4
4220594,counts,4975,12921384,,,_default,"",5
4220595,counts,4975,12917732,,,_default,5,3
4220599,counts,4975,12917677,,,_default,5,2
4220600,counts,4975,12919632,,,_default,"",5
4220601,counts,4975,12919712,,,_default,"",5
4220602,counts,4975,12917886,,,_default,"",6
4220606,counts,4975,12918047,,,_default,"",5
4220610,counts,4975,12918497,,,_default,"",3
4220611,counts,4975,12919014,,,_default,"",5
4220612,counts,4975,12920205,,,_default,"",1
4220613,counts,4975,12919645,,,_default,"",6
4220614,counts,4975,12920353,,,_default,5,2
4220615,counts,4975,12920860,,,_default,"",5
4220616,counts,4975,12921286,,,_default,5,1
4220617,counts,4975,12921351,,,_default,"",5
4220618,counts,4975,12917648,,,_default,4,5
4220619,counts,4975,12922277,,,_default,1,5
4220622,counts,4975,12921900,,,_default,1,6
4220624,counts,4975,12919650,,,_default,1,5
4220625,counts,4975,12922620,,,_default,"",2
4220626,counts,4975,12920294,,,_default,"",1
4220627,counts,4975,12922801,,,_default,"",5
4220631,counts,4975,12921924,,,_default,"",2
4220635,counts,4975,12923350,,,_default,"",5
4220636,counts,4975,12923260,,,_default,"",4
4220637,counts,4975,12920425,,,_default,"",7
4220638,counts,4975,12923728,,,_default,"",5
4220639,counts,4975,12919974,,,_default,"",1
4220640,counts,4975,12920706,,,_default,"",8
4220644,counts,4975,12919575,,,_default,"",5
4220645,counts,4975,12917870,,,_default,"",1
4220646,counts,4975,12918277,,,_default,1,5
4220647,counts,4975,12919797,,,_default,"",5
4220648,counts,4975,12919041,,,_default,"",5
4220651,counts,4975,12918775,,,_default,1,6
4220656,counts,4975,12918892,,,_default,"",2
4220657,counts,4975,12918598,,,_default,2,4
4220660,counts,4975,12919011,,,_default,"",5
4220662,counts,4975,12921491,,,_default,"",1
4220666,counts,4975,12921512,,,_default,"",5
4220667,counts,4975,12919457,,,_default,"",5
4220668,counts,4975,12918895,,,_default,1,4
4220669,counts,4975,12921627,,,_default,1,2
4220673,counts,4975,12920297,,,_default,7,3
4220674,counts,4975,12920276,,,_default,"",8
4220676,counts,4975,12917611,,,_default,"",5
4220678,counts,4975,12920732,,,_default,1,5
4220680,counts,4975,12922282,,,_default,"",1
4220685,counts,4975,12920854,,,_default,"",5
4220689,counts,4975,12923038,,,_default,"",1
4220692,counts,4975,12922033,,,_default,"",5
4220693,counts,4975,12923153,,,_default,5,""
4220694,counts,4975,12923557,,,_default,"",5
4220695,counts,4975,12922261,,,_default,1,5
4220696,counts,4975,12923556,,,_default,"",3
4220699,counts,4975,12918181,,,_default,"",5
4220701,counts,4975,12918978,,,_default,"",2
4220702,counts,4975,12920184,,,_default,2,1
4220703,counts,4975,12917949,,,_default,"",2
4220704,counts,4975,12917830,,,_default,"",7
4220711,counts,4975,12920500,,,_default,"",""
4220715,counts,4975,12917823,,,_default,"",6
4220716,counts,4975,12919611,,,_default,1,7
4220717,counts,4975,12920709,,,_default,"",5
4220718,counts,4975,12919869,,,_default,1,2
4220725,counts,4975,12919983,,,_default,"",4
4220729,counts,4975,12922612,,,_default,"",6
4220736,counts,4975,12920199,,,_default,"",6
4220737,counts,4975,12920445,,,_default,"",5
4220741,counts,4975,12922722,,,_default,"",5
4220746,counts,4975,12920093,,,_default,"",1
4220749,counts,4975,12922624,,,_default,"",5
4220750,counts,4975,12920436,,,_default,2,4
4220751,counts,4975,12918762,,,_default,1,1
4220752,counts,4975,12923550,,,_default,1,5
4220753,counts,4975,12921488,,,_default,"",2
4220757,counts,4975,12920444,,,_default,"",4
4220760,counts,4975,12917614,,,_default,1,5
4220762,counts,4975,12922855,,,_default,"",1
4220766,counts,4975,12921760,,,_default,1,3
4220767,counts,4975,12919864,,,_default,2,3
4220768,counts,4975,12917666,,,_default,"",4
4220769,counts,4975,12921132,,,_default,"",5
4220770,counts,4975,12923355,,,_default,"",5
4220777,counts,4975,12920880,,,_default,"",7
4220778,counts,4975,12922397,,,_default,1,2
4220779,counts,4975,12920121,,,_default,"",5
4220780,counts,4975,12923149,,,_default,2,4
4220782,counts,4975,12922389,,,_default,1,6
4220785,counts,4975,12922599,,,_default,"",5
4220786,counts,4975,12919703,,,_default,"",4
4220790,counts,4975,12919577,,,_default,1,5
4220797,counts,4975,12920406,,,_default,"",2
4220798,counts,4975,12920252,,,_default,1,3
4220802,counts,4975,12922042,,,_default,"",5
4220803,counts,4975,12922262,,,_default,1,5
4220807,counts,4975,12921759,,,_default,"",2
4220808,counts,4975,12922511,,,_default,"",4
4220809,counts,4975,12922738,,,_default,"",5
4220810,counts,4975,12921878,,,_default,3,5
4220817,counts,4975,12919629,,,_default,"",5
4220818,counts,4975,12923649,,,_default,"",5
4220825,counts,4975,12919872,,,_default,1,3
4220826,counts,4975,12919536,,,_default,"",6
4220836,counts,4975,12921886,,,_default,1,3
4220837,counts,4975,12921913,,,_default,"",5
4220841,counts,4975,12922382,,,_default,"",5
4220842,counts,4975,12920116,,,_default,"",6
4220846,counts,4975,12922006,,,_default,1,2
4220850,counts,4975,12922386,,,_default,"",6
4220854,counts,4975,12918037,,,_default,"",5
4220855,counts,4975,12918406,,,_default,"",5
4220865,counts,4975,12920158,,,_default,2,5
4220866,counts,4975,12919944,,,_default,"",5
4220867,counts,4975,12919885,,,_default,"",1
4220871,counts,4975,12918560,,,_default,"",5
4220872,counts,4975,12920556,,,_default,"",2
4220879,counts,4975,12918075,,,_default,"",5
4220883,counts,4975,12920865,,,_default,"",5
4220884,counts,4975,12919958,,,_default,"",5
4220885,counts,4975,12920855,,,_default,"",5
4220886,counts,4975,12920983,,,_default,"",7
4220887,counts,4975,12918898,,,_default,1,""
4220888,counts,4975,12920916,,,_default,190,263
4220898,counts,4975,12921501,,,_default,"",6
4220902,counts,4975,12923361,,,_default,"",5
4220903,counts,4975,12920558,,,_default,"",2
4220909,counts,4975,12921372,,,_default,1,5
4220911,counts,4975,12923560,,,_default,1,5
4220914,counts,4975,12917959,,,_default,"",5
4220915,counts,4975,12920357,,,_default,"",3
4220916,counts,4975,12921610,,,_default,"",5
4220917,counts,4975,12920833,,,_default,"",5
4220918,counts,4975,12918167,,,_default,"",5
4220919,counts,4975,12920596,,,_default,"",5
4220920,counts,4975,12921893,,,_default,1,5
4220921,counts,4975,12918276,,,_default,"",5
4220922,counts,4975,12920837,,,_default,"",5
4220923,counts,4975,12921797,,,_default,7,4
4220924,counts,4975,12921510,,,_default,"",5
4220928,counts,4975,12922013,,,_default,2,6
4220929,counts,4975,12917969,,,_default,1,5
4220930,counts,4975,12919608,,,_default,"",""
4220931,counts,4975,12923027,,,_default,"",5
4220933,counts,4975,12918599,,,_default,1,5
4220935,counts,4975,12923462,,,_default,1,3
4220937,counts,4975,12917871,,,_default,"",5
4220938,counts,4975,12922364,,,_default,"",3
4220939,counts,4975,12923776,,,_default,2,5
4220940,counts,4975,12920208,,,_default,"",1
4220943,counts,4975,12921120,,,_default,"",5
4220945,counts,4975,12918481,,,_default,1,3
4220946,counts,4975,12918634,,,_default,"",5
4220948,counts,4975,12920332,,,_default,"",2
4220954,counts,4975,12918779,,,_default,"",4
4220955,counts,4975,12921505,,,_default,"",5
4220956,counts,4975,12921345,,,_default,"",5
4220957,counts,4975,12921370,,,_default,1,7
4220958,counts,4975,12917826,,,_default,"",5
4220960,counts,4975,12920695,,,_default,2,3
4220966,counts,4975,12919718,,,_default,"",5
4220967,counts,4975,12921770,,,_default,"",5
4220971,counts,4975,12919477,,,_default,"",6
4220972,counts,4975,12921503,,,_default,"",5
4220973,counts,4975,12919734,,,_default,"",2
4220974,counts,4975,12919863,,,_default,5,""
4220981,counts,4975,12920869,,,_default,"",6
4220982,counts,4975,12920489,,,_default,2,3
4220984,counts,4975,12921775,,,_default,"",5
4220990,counts,4975,12919969,,,_default,"",5
4220994,counts,4975,12923650,,,_default,"",4
4220995,counts,4975,12920560,,,_default,"",5
4220996,counts,4975,12923022,,,_default,"",5
4220997,counts,4975,12921485,,,_default,"",5
4221001,counts,4975,12921624,,,_default,"",5
4221004,counts,4975,12917806,,,_default,"",2
4221006,counts,4975,12922268,,,_default,1,5
4221008,counts,4975,12921644,,,_default,"",5
4221011,counts,4975,12919728,,,_default,6,1
4221015,counts,4975,12918922,,,_default,"",5
4221016,counts,4975,12922843,,,_default,"",5
4221020,counts,4975,12921358,,,_default,"",3
4221021,counts,4975,12918155,,,_default,"",5
4221022,counts,4975,12923248,,,_default,"",3
4221023,counts,4975,12920868,,,_default,"",6
4221024,counts,4975,12922253,,,_default,"",4
4221025,counts,4975,12919383,,,_default,1,3
4221032,counts,4975,12923552,,,_default,1,5
4221033,counts,4975,12918692,,,_default,1,3
4221034,counts,4975,12923454,,,_default,1,5
4221035,counts,4975,12921375,,,_default,"",6
4221036,counts,4975,12921381,,,_default,1,6
4221043,counts,4975,12922486,,,_default,"",5
4221044,counts,4975,12920690,,,_default,5,3
4221045,counts,4975,12920341,,,_default,"",3
4221046,counts,4975,12918829,,,_default,"",5
4221047,counts,4975,12919415,,,_default,5,1
4221051,counts,4975,12918501,,,_default,"",5
4221055,counts,4975,12919615,,,_default,1,5
4221062,counts,4975,12921334,,,_default,"",5
4221066,counts,4975,12921520,,,_default,"",5
4221067,counts,4975,12922022,,,_default,1,5
4221068,counts,4975,12921916,,,_default,"",6
4221071,counts,4975,12920257,,,_default,"",2
4221074,counts,4975,12922011,,,_default,"",1
4221075,counts,4975,12920402,,,_default,"",1
4221076,counts,4975,12922724,,,_default,"",5
4221078,counts,4975,12917938,,,_default,"",3
4221083,counts,4975,12917888,,,_default,"",2
4221085,counts,4975,12923460,,,_default,"",6
4221086,counts,4975,12922139,,,_default,"",5
4221097,counts,4975,12918297,,,_default,"",5
4221099,counts,4975,12917755,,,_default,"",5
4221100,counts,4975,12918612,,,_default,"",5
4221101,counts,4975,12918725,,,_default,4,1
4221108,counts,4975,12920978,,,_default,1,5
4221112,counts,4975,12920058,,,_default,"",4
4221117,counts,4975,12920032,,,_default,"",4
4221118,counts,4975,12919810,,,_default,"",5
4221122,counts,4975,12920578,,,_default,"",6
4221123,counts,4975,12918165,,,_default,"",4
4221124,counts,4975,12920785,,,_default,5,4
4221134,counts,4975,12919901,,,_default,"",2
4221135,counts,4975,12918778,,,_default,"",5
4221136,counts,4975,12921365,,,_default,3,5
4221137,counts,4975,12923647,,,_default,"",5
4221138,counts,4975,12920343,,,_default,"",1
4221139,counts,4975,12918869,,,_default,5,1
4221144,counts,4975,12923229,,,_default,1,5
4221148,counts,4975,12923733,,,_default,1,""
4221156,counts,4975,12917671,,,_default,"",2
4221157,counts,4975,12922726,,,_default,"",7
4221161,counts,4975,12918990,,,_default,7,4
4221165,counts,4975,12920254,,,_default,"",4
4221166,counts,4975,12920098,,,_default,1,5
4221168,counts,4975,12918699,,,_default,"",1
4221172,counts,4975,12920340,,,_default,"",2
4221173,counts,4975,12922049,,,_default,2,2
4221174,counts,4975,12921880,,,_default,"",2
4221179,counts,4975,12921918,,,_default,"",5
4221183,counts,4975,12918143,,,_default,"",1
4221184,counts,4975,12921639,,,_default,"",5
4221191,counts,4975,12923564,,,_default,"",4
4221192,counts,4975,12918760,,,_default,"",5
4221193,counts,4975,12920842,,,_default,1,5
4221194,counts,4975,12921661,,,_default,"",5
4221198,counts,4975,12918834,,,_default,"",2
4221202,counts,4975,12920851,,,_default,"",5
4221203,counts,4975,12921472,,,_default,"",6
4221204,counts,4975,12922165,,,_default,1,6
4221208,counts,4975,12919065,,,_default,"",7
4221212,counts,4975,12918628,,,_default,"",6
4221213,counts,4975,12919538,,,_default,"",2
4221216,counts,4975,12920565,,,_default,"",6
4221222,counts,4975,12918731,,,_default,1,1
4221223,counts,4975,12917803,,,_default,"",5
4221224,counts,4975,12919617,,,_default,"",5
4221225,counts,4975,12922285,,,_default,1,3
4221226,counts,4975,12921471,,,_default,1,5
4221233,counts,4975,12922857,,,_default,"",4
4221234,counts,4975,12919656,,,_default,"",3
4221236,counts,4975,12922859,,,_default,"",4
4221239,counts,4975,12922257,,,_default,"",5
4221240,counts,4975,12920990,,,_default,"",6
4221247,counts,4975,12918975,,,_default,"",3
4221251,counts,4975,12920219,,,_default,"",5
4221252,counts,4975,12923739,,,_default,6,6
4221255,counts,4975,12918071,,,_default,"",5
4221257,counts,4975,12917868,,,_default,"",3
4221264,counts,4975,12919039,,,_default,"",4
4221265,counts,4975,12917669,,,_default,"",5
4221266,counts,4975,12918755,,,_default,"",3
4221267,counts,4975,12920105,,,_default,2,5
4221268,counts,4975,12922030,,,_default,"",6
4221272,counts,4975,12917875,,,_default,"",7
4221276,counts,4975,12923256,,,_default,"",6
4221280,counts,4975,12917715,,,_default,"",3
4221281,counts,4975,12920097,,,_default,1,1
4221282,counts,4975,12918645,,,_default,2,1
4221283,counts,4975,12919986,,,_default,"",2
4221287,counts,4975,12921016,,,_default,"",5
4221288,counts,4975,12921142,,,_default,1,2
4221292,counts,4975,12920586,,,_default,1,5
4221296,counts,4975,12921357,,,_default,"",5
4221297,counts,4975,12920349,,,_default,"",6
4221298,counts,4975,12918771,,,_default,"",2
4221299,counts,4975,12920598,,,_default,2,5
4221300,counts,4975,12918781,,,_default,5,2
4221301,counts,4975,12920988,,,_default,"",5
4221302,counts,4975,12917885,,,_default,"",5
4221303,counts,4975,12917865,,,_default,"",5
4221304,counts,4975,12918907,,,_default,"",5
4221305,counts,4975,12920439,,,_default,"",5
4221306,counts,4975,12919620,,,_default,"",5
4221307,counts,4975,12919471,,,_default,"",5
4221311,counts,4975,12922145,,,_default,"",5
4221312,counts,4975,12920031,,,_default,1,2
4221316,counts,4975,12922376,,,_default,"",7
4221320,counts,4975,12917873,,,_default,"",5
4221322,counts,4975,12922167,,,_default,1,3
4221327,counts,4975,12919452,,,_default,1,6
4221338,counts,4975,12919567,,,_default,5,1
4221339,counts,4975,12921525,,,_default,1,5
4221340,counts,4975,12918258,,,_default,"",1
4221341,counts,4975,12921642,,,_default,"",1
4221345,counts,4975,12920045,,,_default,"",""
4221346,counts,4975,12921897,,,_default,"",5
4221347,counts,4975,12921499,,,_default,1,5
4221348,counts,4975,12921796,,,_default,"",5
4221352,counts,4975,12920203,,,_default,"",2
4221353,counts,4975,12922137,,,_default,1,5
4221354,counts,4975,12922627,,,_default,"",4
4221355,counts,4975,12918442,,,_default,"",3
4221356,counts,4975,12917621,,,_default,"",1
4221357,counts,4975,12923727,,,_default,"",4
4221361,counts,4975,12921354,,,_default,"",4
4221366,counts,4975,12918046,,,_default,"",5
4221367,counts,4975,12920591,,,_default,"",5
4221371,counts,4975,12921641,,,_default,"",5
4221372,counts,4975,12921794,,,_default,"",6
4221373,counts,4975,12922734,,,_default,1,5
4221374,counts,4975,12923348,,,_default,2,5
4221375,counts,4975,12918492,,,_default,5,2
4221385,counts,4975,12917716,,,_default,1,5
4221386,counts,4975,12919868,,,_default,1,2
4221389,counts,4975,12919551,,,_default,"",3
4221391,counts,4975,12920186,,,_default,"",5
4221395,counts,4975,12923146,,,_default,1,""
4221396,counts,4975,12921336,,,_default,"",5
4221403,counts,4975,12920055,,,_default,"",3
4221404,counts,4975,12920404,,,_default,"",3
4221405,counts,4975,12920062,,,_default,"",1
4221406,counts,4975,12920846,,,_default,"",6
4221407,counts,4975,12921761,,,_default,"",3
4221411,counts,4975,12918145,,,_default,1,1
4221412,counts,4975,12917947,,,_default,"",5
4221413,counts,4975,12918609,,,_default,3,3
4221414,counts,4975,12918375,,,_default,"",4
4221415,counts,4975,12917890,,,_default,1,5
4221416,counts,4975,12922492,,,_default,"",5
4221417,counts,4975,12922035,,,_default,"",5
4221418,counts,4975,12923730,,,_default,7,2
4221419,counts,4975,12922273,,,_default,"",5
4221420,counts,4975,12920519,,,_default,"",""
4221421,counts,4975,12921352,,,_default,1,4
4221425,counts,4975,12922362,,,_default,2,4
4221426,counts,4975,12921495,,,_default,2,5
4221430,counts,4975,12921928,,,_default,5,2
4221431,counts,4975,12919811,,,_default,"",5
4221438,counts,4975,12918042,,,_default,3,5
4221439,counts,4975,12917809,,,_default,1,5
4221440,counts,4975,12918910,,,_default,"",5
4221441,counts,4975,12921903,,,_default,"",6
4221442,counts,4975,12921113,,,_default,1,5
4221443,counts,4975,12919480,,,_default,1,5
4221445,counts,4975,12922146,,,_default,"",5
4221447,counts,4975,12923352,,,_default,"",2
4221449,counts,4975,12920140,,,_default,"",2
4221450,counts,4975,12917567,,,_default,5,""
4221454,counts,4975,12919971,,,_default,1,5
4221455,counts,4975,12918919,,,_default,"",5
4221456,counts,4975,12918065,,,_default,1,5
4221457,counts,4975,12917896,,,_default,2,5
4221460,counts,4975,12920700,,,_default,"",8
4221462,counts,4975,12923719,,,_default,2,2
4221466,counts,4975,12920849,,,_default,"",5
4221468,counts,4975,12921021,,,_default,"",6
4221469,counts,4975,12921140,,,_default,1,5
4221470,counts,4975,12923723,,,_default,1,2
4221471,counts,4975,12917835,,,_default,"",5
4221472,counts,4975,12919804,,,_default,"",5
4221473,counts,4975,12922254,,,_default,1,5
4221474,counts,4975,12919789,,,_default,"",5
4221475,counts,4975,12917566,,,_default,1,3
4221476,counts,4975,12920420,,,_default,1,5
4221477,counts,4975,12922615,,,_default,"",7
4221478,counts,4975,12922501,,,_default,1,5
4221479,counts,4975,12923469,,,_default,1,6
4221480,counts,4975,12920514,,,_default,6,3
4221481,counts,4975,12922848,,,_default,"",5
4221482,counts,4975,12923571,,,_default,5,7
4221483,counts,4975,12918392,,,_default,2,2
4221487,counts,4975,12919465,,,_default,"",5
4221488,counts,4975,12918747,,,_default,3,1
4221489,counts,4975,12919638,,,_default,"",5
4221493,counts,4975,12920334,,,_default,"",2
4221494,counts,4975,12920793,,,_default,3,3
4221495,counts,4975,12919384,,,_default,"",5
4221496,counts,4975,12921884,,,_default,1,1
4221497,counts,4975,12919647,,,_default,"",6
4221498,counts,4975,12918726,,,_default,"",5
4221499,counts,4975,12922270,,,_default,"",5
4221500,counts,4975,12922630,,,_default,1,5
4221501,counts,4975,12919572,,,_default,"",7
4221502,counts,4975,12919700,,,_default,6,1
4221503,counts,4975,12920100,,,_default,2,2
4221504,counts,4975,12923472,,,_default,"",3
4221505,counts,4975,12917728,,,_default,"",5
4221506,counts,4975,12920217,,,_default,"",3
4221507,counts,4975,12919987,,,_default,2,4
4221508,counts,4975,12921340,,,_default,"",5
4221509,counts,4975,12918441,,,_default,1,3
4221510,counts,4975,12922721,,,_default,"",6
4221511,counts,4975,12921496,,,_default,"",2
4221512,counts,4975,12922730,,,_default,"",5
4221513,counts,4975,12922846,,,_default,"",6
4221514,counts,4975,12921772,,,_default,"",5
4221515,counts,4975,12918495,,,_default,"",3
4221516,counts,4975,12920296,,,_default,5,2
4221520,counts,4975,12920411,,,_default,"",5
4221521,counts,4975,12923368,,,_default,"",3
4221522,counts,4975,12918596,,,_default,1,4
4221526,counts,4975,12919951,,,_default,1,3
4221527,counts,4975,12920183,,,_default,4,4
4221528,counts,4975,12919942,,,_default,1,5
4221529,counts,4975,12917608,,,_default,"",3
4221530,counts,4975,12919418,,,_default,"",2
4221531,counts,4975,12919771,,,_default,"",2
4221532,counts,4975,12918557,,,_default,1,""
4221533,counts,4975,12920143,,,_default,"",5
4221537,counts,4975,12921118,,,_default,"",6
4221538,counts,4975,12920417,,,_default,"",6
4221539,counts,4975,12921901,,,_default,1,5
4221540,counts,4975,12919807,,,_default,"",5
4221541,counts,4975,12920648,,,_default,"",""
4221542,counts,4975,12918593,,,_default,"",5
4221543,counts,4975,12920831,,,_default,"",3
4221544,counts,4975,12921165,,,_default,3,2
4221545,counts,4975,12920039,,,_default,"",4
4221546,counts,4975,12922743,,,_default,"",4
4221547,counts,4975,12920551,,,_default,6,""
4221548,counts,4975,12922744,,,_default,1,""
4221549,counts,4975,12922394,,,_default,"",5
4221550,counts,4975,12922004,,,_default,2,4
4221551,counts,4975,12923254,,,_default,"",5
4221552,counts,4975,12920369,,,_default,"",2
4221553,counts,4975,12921483,,,_default,1,5
4221554,counts,4975,12921526,,,_default,4,7
4221555,counts,4975,12919540,,,_default,1,6
4221556,counts,4975,12918405,,,_default,"",5
4221557,counts,4975,12920259,,,_default,"",6
4221558,counts,4975,12919058,,,_default,1,5
4221559,counts,4975,12920993,,,_default,"",6
4221567,counts,4975,12918393,,,_default,"",5
4221568,counts,4975,12920271,,,_default,1,5
4221569,counts,4975,12921664,,,_default,"",1
4221570,counts,4975,12920212,,,_default,2,4
4221571,counts,4975,12920124,,,_default,"",5
4221572,counts,4975,12918287,,,_default,1,5
4221573,counts,4975,12920557,,,_default,"",1
4221577,counts,4975,12920572,,,_default,"",7
4221578,counts,4975,12920718,,,_default,"",5
4221579,counts,4975,12920601,,,_default,2,6
4221580,counts,4975,12922274,,,_default,"",5
4221581,counts,4975,12919053,,,_default,1,5
4221582,counts,4975,12922605,,,_default,"",5
4221585,counts,4975,12920245,,,_default,"",2
4221586,counts,4975,12919776,,,_default,"",2
4221588,counts,4975,12917767,,,_default,"",3
4221589,counts,4975,12919481,,,_default,"",5
4221590,counts,4975,12922000,,,_default,"",6
4221591,counts,4975,12921148,,,_default,"",7
4221592,counts,4975,12921159,,,_default,"",6
4221594,counts,4975,12918212,,,_default,"",5
4221595,counts,4975,12919959,,,_default,"",5
4221596,counts,4975,12920262,,,_default,"",5
4221597,counts,4975,12917897,,,_default,1,5
4221598,counts,4975,12919451,,,_default,"",3
4221599,counts,4975,12918566,,,_default,5,1
4221600,counts,4975,12917771,,,_default,"",5
4221601,counts,4975,12919550,,,_default,"",3
4221605,counts,4975,12918168,,,_default,"",5
4221606,counts,4975,12920290,,,_default,1,2
4221607,counts,4975,12923457,,,_default,"",3
4221608,counts,4975,12919056,,,_default,"",6
4221609,counts,4975,12918164,,,_default,"",6
4221610,counts,4975,12918484,,,_default,2,3
4221611,counts,4975,12922052,,,_default,"",2
4221612,counts,4975,12919946,,,_default,"",5
4221613,counts,4975,12921930,,,_default,5,2
4221614,counts,4975,12921385,,,_default,1,5
4221615,counts,4975,12921362,,,_default,"",5
4221619,counts,4975,12920111,,,_default,"",7
4221620,counts,4975,12921653,,,_default,"",5
4221624,counts,4975,12918038,,,_default,"",1
4221625,counts,4975,12918175,,,_default,"",8
4221629,counts,4975,12918274,,,_default,1,4
4221633,counts,4975,12920336,,,_default,"",4
4221634,counts,4975,12923641,,,_default,1,4
4221635,counts,4975,12918618,,,_default,"",5
4221636,counts,4975,12921379,,,_default,"",5
4221637,counts,4975,12921904,,,_default,1,5
4221638,counts,4975,12917954,,,_default,"",5
4221639,counts,4975,12919463,,,_default,"",6
4221640,counts,4975,12917719,,,_default,"",5
4221641,counts,4975,12921895,,,_default,"",7
4221642,counts,4975,12923142,,,_default,"",10
4221646,counts,4975,12918630,,,_default,2,6
4221647,counts,4975,12918695,,,_default,"",3
4221648,counts,4975,12919977,,,_default,"",5
4221649,counts,4975,12919654,,,_default,"",4
4221650,counts,4975,12918697,,,_default,"",5
4221651,counts,4975,12922162,,,_default,"",5
4221652,counts,4975,12919068,,,_default,"",5
4221653,counts,4975,12919954,,,_default,"",5
4221654,counts,4975,12920866,,,_default,1,2
4221655,counts,4975,12922505,,,_default,1,3
4221656,counts,4975,12921056,,,_default,6,3
4221660,counts,4975,12921376,,,_default,1,6
4221664,counts,4975,12920501,,,_default,5,1
4221671,counts,4975,12921921,,,_default,"",5
4221672,counts,4975,12920409,,,_default,"",4
4221673,counts,4975,12917883,,,_default,1,5
4221674,counts,4975,12918385,,,_default,2,4
4221675,counts,4975,12922593,,,_default,3,5
4221679,counts,4975,12920288,,,_default,"",5
4221680,counts,4975,12920996,,,_default,"",7
4221681,counts,4975,12922860,,,_default,"",2
4221682,counts,4975,12917937,,,_default,5,""
4221683,counts,4975,12918509,,,_default,1,5
4221687,counts,4975,12919814,,,_default,1,5
4221688,counts,4975,12917730,,,_default,5,1
4221692,counts,4975,12918292,,,_default,2,5
4221710,counts,4975,12923654,,,_default,6,4
4221711,counts,4975,12921164,,,_default,"",5
4221712,counts,4975,12919052,,,_default,"",5
4221713,counts,4975,12921480,,,_default,"",6
4221714,counts,4975,12921348,,,_default,"",7
4221715,counts,4975,12917821,,,_default,1,5
4221717,counts,4975,12922489,,,_default,5,5
4221724,counts,4975,12920733,,,_default,"",6
4221725,counts,4975,12920214,,,_default,2,3
4221729,counts,4975,12918915,,,_default,"",5
4221731,counts,4975,12918753,,,_default,"",2
4221734,counts,4975,12920285,,,_default,"",5
4221736,counts,4975,12919950,,,_default,"",1
4221738,counts,4975,12921498,,,_default,"",1
4221739,counts,4975,12920736,,,_default,"",5
4221740,counts,4975,12921740,,,_default,1,5
4221741,counts,4975,12919421,,,_default,"",""
4221742,counts,4975,12920037,,,_default,1,1
4221743,counts,4975,12918035,,,_default,1,1
4221745,counts,4975,12922496,,,_default,"",5
4221750,counts,4975,12921162,,,_default,3,5
4221751,counts,4975,12923263,,,_default,1,5
4221759,counts,4975,12919623,,,_default,1,5
4221760,counts,4975,12920109,,,_default,"",2
4221761,counts,4975,12918973,,,_default,"",3
4221762,counts,4975,12919883,,,_default,"",5
4221763,counts,4975,12920354,,,_default,"",3
4221764,counts,4975,12920189,,,_default,"",5
4221765,counts,4975,12921003,,,_default,"",3
4221766,counts,4975,12921126,,,_default,"",5
4221767,counts,4975,12920418,,,_default,"",5
4221768,counts,4975,12921738,,,_default,166,241
4221769,counts,4975,12921907,,,_default,"",5
4221770,counts,4975,12921522,,,_default,"",5
4221774,counts,4975,12922493,,,_default,1,6
4221775,counts,4975,12920836,,,_default,"",6
4221776,counts,4975,12919729,,,_default,"",""
4221777,counts,4975,12922727,,,_default,"",7
4221778,counts,4975,12921121,,,_default,"",5
4221779,counts,4975,12921925,,,_default,1,3
4221780,counts,4975,12921487,,,_default,"",5
4221788,counts,4975,12918478,,,_default,"",2
4221789,counts,4975,12918396,,,_default,"",5
4221790,counts,4975,12920728,,,_default,"",5
4221791,counts,4975,12923151,,,_default,1,2
4221792,counts,4975,12920649,,,_default,"",2
4221797,counts,4975,12921927,,,_default,"",1
4221798,counts,4975,12918490,,,_default,5,""
4221799,counts,4975,12919784,,,_default,1,5
4221800,counts,4975,12917838,,,_default,"",5
4221801,counts,4975,12921783,,,_default,"",5
4221802,counts,4975,12920430,,,_default,1,7
4221803,counts,4975,12922008,,,_default,"",6
4221804,counts,4975,12920521,,,_default,1,2
4221805,counts,4975,12920144,,,_default,"",2
4221806,counts,4975,12920434,,,_default,"",5
4221807,counts,4975,12921378,,,_default,"",6
4221808,counts,4975,12921150,,,_default,3,5
4221809,counts,4975,12921919,,,_default,"",6
4221810,counts,4975,12923020,,,_default,2,5
4221811,counts,4975,12923626,,,_default,6,3
4221812,counts,4975,12918877,,,_default,2,5
4221813,counts,4975,12922395,,,_default,"",5
4221814,counts,4975,12917877,,,_default,"",6
4221815,counts,4975,12920975,,,_default,"",7
4221816,counts,4975,12919813,,,_default,"",4
4221820,counts,4975,12923549,,,_default,1,4
4221824,counts,4975,12920034,,,_default,4,1
4221825,counts,4975,12919896,,,_default,"",3
4221826,counts,4975,12923354,,,_default,"",4
4221827,counts,4975,12921612,,,_default,"",7
4221828,counts,4975,12918632,,,_default,1,5
4221835,counts,4975,12922391,,,_default,"",6
4221836,counts,4975,12922128,,,_default,4,5
4221843,counts,4975,12917722,,,_default,"",2
4221844,counts,4975,12922279,,,_default,"",5
4221845,counts,4975,12920863,,,_default,"",5
4221846,counts,4975,12923148,,,_default,1,6
4221850,counts,4975,12920427,,,_default,1,7
4221854,counts,4975,12920994,,,_default,"",6
4221855,counts,4975,12918034,,,_default,"",1
4221856,counts,4975,12921002,,,_default,1,5
4221860,counts,4975,12922041,,,_default,"",5
4221861,counts,4975,12923518,,,_default,4,5
4221862,counts,4975,12920191,,,_default,"",3
4221866,counts,4975,12918063,,,_default,"",5
4221867,counts,4975,12922155,,,_default,"",6
4221868,counts,4975,12918620,,,_default,1,5
4221869,counts,4975,12921023,,,_default,1,6
4221870,counts,4975,12918896,,,_default,"",3
4221878,counts,4975,12921134,,,_default,1,1
4221879,counts,4975,12923041,,,_default,"",2
4221888,counts,4975,12918562,,,_default,"",3
4221892,counts,4975,12920350,,,_default,"",5
4221893,counts,4975,12918159,,,_default,1,5
4221897,counts,4975,12921008,,,_default,"",5
4221898,counts,4975,12918150,,,_default,1,3
4221902,counts,4975,12923554,,,_default,"",3
4221903,counts,4975,12920126,,,_default,"",5
4221904,counts,4975,12920554,,,_default,3,1
4221908,counts,4975,12921123,,,_default,"",10
4221909,counts,4975,12918507,,,_default,1,5
4221913,counts,4975,12919871,,,_default,"",5
4221917,counts,4975,12920791,,,_default,"",1
4221918,counts,4975,12922038,,,_default,"",6
4221919,counts,4975,12920291,,,_default,"",5
4221920,counts,4975,12922025,,,_default,"",5
4221921,counts,4975,12919009,,,_default,"",2
4221928,counts,4975,12920730,,,_default,"",5
4221932,counts,4975,12922284,,,_default,1,2
4221936,counts,4975,12919786,,,_default,1,2
4221937,counts,4975,12922031,,,_default,"",7
4221938,counts,4975,12920040,,,_default,"",5
4221942,counts,4975,12920130,,,_default,1,6
4221947,counts,4975,12921931,,,_default,1,3
4221979,counts,4975,12920044,,,_default,"",3
4221983,counts,4975,12920287,,,_default,1,2
4221987,counts,4975,12918902,,,_default,1,5
4222009,counts,4975,12920206,,,_default,"",3
4222013,counts,4975,12920653,,,_default,5,4
4222024,counts,4975,12918051,,,_default,1,6
4222029,counts,4975,12921012,,,_default,"",3
4222032,counts,4975,12919634,,,_default,"",5
4222033,counts,4975,12921024,,,_default,2,5
4222061,counts,4975,12921523,,,_default,"",5
4222068,counts,4975,12919961,,,_default,"",6
4222169,counts,4975,12921128,,,_default,"",5
4222203,counts,4975,12917807,,,_default,"",6
4222211,counts,4975,12923023,,,_default,"",5
4222215,counts,4975,12918373,,,_default,"",4
4222228,counts,4975,12922729,,,_default,"",5
4222238,counts,4975,12919447,,,_default,5,4
4222245,counts,4975,12922373,,,_default,"",6
4222255,counts,4975,12921764,,,_default,"",3
4222263,counts,4975,12918330,,,_default,"",2
4222264,counts,4975,12921493,,,_default,"",4
4222265,counts,4975,12917657,,,_default,1,5
4222266,counts,4975,12921889,,,_default,"",5
4222273,counts,4975,12921898,,,_default,"",6
4222274,counts,4975,12918882,,,_default,2,5
4222302,counts,4975,12920986,,,_default,"",7
4222317,counts,4975,12920985,,,_default,"",5
4222321,counts,4975,12921609,,,_default,5,4
4222325,counts,4975,12920588,,,_default,"",7
4222347,counts,4975,12921137,,,_default,"",2
4222512,counts,4975,12918416,,,_default,3,6
4222514,counts,4975,12921629,,,_default,1,""
4222518,counts,4975,12920293,,,_default,2,5
4222525,counts,4975,12923057,,,_default,4,5
4222545,counts,4975,12917975,,,_default,"",5
4222546,counts,4975,12919731,,,_default,"",1
4222547,counts,4975,12922151,,,_default,"",7
4222548,counts,4975,12917977,,,_default,"",7
4222549,counts,4975,12921769,,,_default,"",5
4222553,counts,4975,12920261,,,_default,"",7
4222568,counts,4975,12921807,,,_default,5,5
4222625,counts,4975,12922168,,,_default,1,3
4222665,counts,4975,12923366,,,_default,"",3
4222729,counts,4975,12921116,,,_default,"",6
4262542,counts,4975,13025374,,,_default,"",5
4262543,counts,4975,13025395,,,_default,"",5
4262578,counts,4975,13025391,,,_default,"",5
4262585,counts,4975,13025397,,,_default,"",1
4262589,counts,4975,13025403,,,_default,"",5
4262590,counts,4975,13025408,,,_default,"",1
4262591,counts,4975,13025410,,,_default,"",1
4262592,counts,4975,13025372,,,_default,"",5
4262596,counts,4975,13025415,,,_default,"",1
4262603,counts,4975,13025378,,,_default,"",4
4262604,counts,4975,13025418,,,_default,"",1
4262611,counts,4975,13025380,,,_default,1,3
4262612,counts,4975,13025435,,,_default,"",1
4262616,counts,4975,13025444,,,_default,"",2
4262621,counts,4975,13025446,,,_default,1,5
4262622,counts,4975,13025389,,,_default,"",3
4262623,counts,4975,13025370,,,_default,"",5
4262642,counts,4975,13025392,,,_default,"",3
4262649,counts,4975,13025398,,,_default,"",2
4262680,counts,4975,13025416,,,_default,"",3
4262685,counts,4975,13025383,,,_default,"",5
4262692,counts,4975,13025422,,,_default,"",2
4262696,counts,4975,13025394,,,_default,"",1
4262736,counts,4975,13025376,,,_default,"",1
4262848,counts,4975,13025386,,,_default,"",5
4262885,counts,4975,13025381,,,_default,"",2
4262889,counts,4975,13025387,,,_default,"",5
4263031,counts,4975,13025400,,,_default,"",""
4263102,counts,4975,13025425,,,_default,"",""
4263106,counts,4975,13025423,,,_default,"",1
4263278,counts,4975,13025419,,,_default,"",1
4263288,counts,4975,13025430,,,_default,"",1
4263337,counts,4975,13025438,,,_default,"",""
4263341,counts,4975,13025439,,,_default,"",2
4263576,counts,4975,13025427,,,_default,"",1
4263580,counts,4975,13025428,,,_default,"",2
4263617,counts,4975,13025437,,,_default,"",1
4263618,counts,4975,13025411,,,_default,"",2
4263658,counts,4975,13025405,,,_default,"",4
4263731,counts,4975,13025413,,,_default,"",5
4263738,counts,4975,13025432,,,_default,"",3
4263751,counts,4975,13025442,,,_default,"",1
4263761,counts,4975,13025420,,,_default,"",1
4263783,counts,4975,13025433,,,_default,"",1
4263817,counts,4975,13025407,,,_default,"",3
4263822,counts,4975,13025441,,,_default,"",""
4263826,counts,4975,13025402,,,_default,"",5
4353280,counts,4975,13157043,,,_default,"",1
4353284,counts,4975,13157075,,,_default,"",2
4353288,counts,4975,13157035,,,_default,"",5
4353317,counts,4975,13157083,,,_default,"",5
4353318,counts,4975,13157140,,,_default,"",5
4353319,counts,4975,13157161,,,_default,"",5
4353323,counts,4975,13157205,,,_default,"",5
4353324,counts,4975,13157257,,,_default,"",2
4353325,counts,4975,13157316,,,_default,"",5
4353326,counts,4975,13157373,,,_default,"",5
4353327,counts,4975,13157389,,,_default,"",4
4353328,counts,4975,13157412,,,_default,"",3
4353329,counts,4975,13157414,,,_default,"",2
4353330,counts,4975,13157072,,,_default,"",1
4353331,counts,4975,13157143,,,_default,"",5
4353335,counts,4975,13157180,,,_default,"",2
4353339,counts,4975,13157228,,,_default,"",5
4353340,counts,4975,13157287,,,_default,"",5
4353344,counts,4975,13157318,,,_default,"",5
4353345,counts,4975,13157030,,,_default,"",5
4353346,counts,4975,13157368,,,_default,"",5
4353347,counts,4975,13157079,,,_default,"",3
4353348,counts,4975,13157390,,,_default,1,2
4353349,counts,4975,13157393,,,_default,"",5
4353350,counts,4975,13157398,,,_default,"",4
4353351,counts,4975,13157053,,,_default,"",5
4353352,counts,4975,13157111,,,_default,"",5
4353353,counts,4975,13157145,,,_default,"",3
4353354,counts,4975,13157150,,,_default,"",4
4353355,counts,4975,13157172,,,_default,"",5
4353356,counts,4975,13157176,,,_default,"",5
4353357,counts,4975,13157215,,,_default,"",3
4353358,counts,4975,13157310,,,_default,"",4
4353359,counts,4975,13157081,,,_default,"",5
4353360,counts,4975,13157322,,,_default,"",3
4353365,counts,4975,13157383,,,_default,"",2
4353366,counts,4975,13157034,,,_default,1,2
4353367,counts,4975,13157091,,,_default,"",5
4353368,counts,4975,13157086,,,_default,"",2
4353369,counts,4975,13157088,,,_default,"",2
4353373,counts,4975,13157100,,,_default,"",2
4353374,counts,4975,13157152,,,_default,1,3
4353375,counts,4975,13157188,,,_default,"",6
4353376,counts,4975,13157163,,,_default,"",6
4353377,counts,4975,13157224,,,_default,"",7
4353378,counts,4975,13157271,,,_default,"",4
4353379,counts,4975,13157209,,,_default,"",5
4353380,counts,4975,13157277,,,_default,"",4
4353384,counts,4975,13157290,,,_default,"",""
4353385,counts,4975,13157356,,,_default,"",5
4353386,counts,4975,13157038,,,_default,1,4
4353387,counts,4975,13157073,,,_default,"",2
4353388,counts,4975,13157138,,,_default,"",5
4353392,counts,4975,13157141,,,_default,"",5
4353397,counts,4975,13157173,,,_default,"",5
4353407,counts,4975,13157208,,,_default,"",5
4353408,counts,4975,13157270,,,_default,"",5
4353409,counts,4975,13157278,,,_default,"",5
4353410,counts,4975,13157335,,,_default,"",4
4353411,counts,4975,13157409,,,_default,"",5
4353415,counts,4975,13157059,,,_default,"",3
4353416,counts,4975,13157285,,,_default,"",3
4353417,counts,4975,13157077,,,_default,1,5
4353418,counts,4975,13157110,,,_default,"",5
4353419,counts,4975,13157133,,,_default,"",5
4353423,counts,4975,13157193,,,_default,"",5
4353424,counts,4975,13157230,,,_default,"",""
4353425,counts,4975,13157253,,,_default,"",5
4353426,counts,4975,13157281,,,_default,"",5
4353427,counts,4975,13157288,,,_default,"",5
4353428,counts,4975,13157309,,,_default,"",5
4353429,counts,4975,13157033,,,_default,2,5
4353430,counts,4975,13157046,,,_default,"",5
4353431,counts,4975,13157062,,,_default,"",2
4353432,counts,4975,13157130,,,_default,"",5
4353433,counts,4975,13157165,,,_default,"",3
4353434,counts,4975,13157170,,,_default,"",5
4353435,counts,4975,13157203,,,_default,"",5
4353436,counts,4975,13157207,,,_default,"",1
4353437,counts,4975,13157241,,,_default,"",5
4353438,counts,4975,13157362,,,_default,"",5
4353439,counts,4975,13157060,,,_default,"",5
4353443,counts,4975,13157070,,,_default,"",3
4353445,counts,4975,13157096,,,_default,"",5
4353446,counts,4975,13157378,,,_default,"",6
4353447,counts,4975,13157108,,,_default,"",4
4353451,counts,4975,13157065,,,_default,1,3
4353452,counts,4975,13157105,,,_default,"",1
4353453,counts,4975,13157123,,,_default,"",3
4353454,counts,4975,13157131,,,_default,"",3
4353455,counts,4975,13157156,,,_default,"",5
4353456,counts,4975,13157185,,,_default,"",5
4353457,counts,4975,13157198,,,_default,"",3
4353458,counts,4975,13157397,,,_default,"",2
4353460,counts,4975,13157067,,,_default,"",6
4353463,counts,4975,13157117,,,_default,"",2
4353466,counts,4975,13157191,,,_default,1,5
4353468,counts,4975,13157233,,,_default,"",1
4353469,counts,4975,13157116,,,_default,"",1
4353470,counts,4975,13157234,,,_default,"",3
4353471,counts,4975,13157120,,,_default,"",5
4353472,counts,4975,13157240,,,_default,"",5
4353473,counts,4975,13157266,,,_default,"",5
4353474,counts,4975,13157268,,,_default,1,5
4353475,counts,4975,13157343,,,_default,"",6
4353476,counts,4975,13157254,,,_default,"",5
4353477,counts,4975,13157413,,,_default,"",2
4353478,counts,4975,13157074,,,_default,"",1
4353479,counts,4975,13157102,,,_default,"",5
4353480,counts,4975,13157128,,,_default,"",5
4353481,counts,4975,13157167,,,_default,"",2
4353482,counts,4975,13157206,,,_default,"",5
4353486,counts,4975,13157223,,,_default,"",5
4353487,counts,4975,13157262,,,_default,"",5
4353488,counts,4975,13157263,,,_default,"",2
4353489,counts,4975,13157292,,,_default,"",5
4353493,counts,4975,13157407,,,_default,"",4
4353494,counts,4975,13157104,,,_default,"",3
4353495,counts,4975,13157148,,,_default,2,5
4353496,counts,4975,13157158,,,_default,"",5
4353497,counts,4975,13157159,,,_default,"",5
4353498,counts,4975,13157211,,,_default,"",5
4353499,counts,4975,13157289,,,_default,"",5
4353500,counts,4975,13157330,,,_default,"",6
4353501,counts,4975,13157351,,,_default,"",5
4353502,counts,4975,13157395,,,_default,"",1
4353504,counts,4975,13157399,,,_default,"",5
4353505,counts,4975,13157345,,,_default,"",5
4353506,counts,4975,13157042,,,_default,"",5
4353507,counts,4975,13157354,,,_default,"",5
4353508,counts,4975,13157054,,,_default,"",3
4353509,counts,4975,13157374,,,_default,"",5
4353510,counts,4975,13157068,,,_default,"",4
4353511,counts,4975,13157098,,,_default,"",4
4353512,counts,4975,13157200,,,_default,"",3
4353513,counts,4975,13157210,,,_default,"",5
4353514,counts,4975,13157243,,,_default,"",5
4353515,counts,4975,13157256,,,_default,"",1
4353516,counts,4975,13157039,,,_default,"",5
4353517,counts,4975,13157057,,,_default,"",5
4353518,counts,4975,13157089,,,_default,"",3
4353519,counts,4975,13157107,,,_default,"",3
4353520,counts,4975,13157118,,,_default,"",5
4353521,counts,4975,13157174,,,_default,"",5
4353522,counts,4975,13157045,,,_default,"",5
4353526,counts,4975,13157092,,,_default,"",2
4353527,counts,4975,13157109,,,_default,"",5
4353528,counts,4975,13157264,,,_default,"",4
4353529,counts,4975,13157334,,,_default,"",2
4353530,counts,4975,13157396,,,_default,"",2
4353531,counts,4975,13157164,,,_default,"",4
4353532,counts,4975,13157031,,,_default,"",5
4353533,counts,4975,13157251,,,_default,"",5
4353534,counts,4975,13157291,,,_default,"",5
4353535,counts,4975,13157300,,,_default,"",1
4353536,counts,4975,13157375,,,_default,"",5
4353537,counts,4975,13157403,,,_default,"",1
4353538,counts,4975,13157044,,,_default,"",5
4353539,counts,4975,13157064,,,_default,"",1
4353540,counts,4975,13157106,,,_default,"",5
4353541,counts,4975,13157169,,,_default,"",3
4353542,counts,4975,13157179,,,_default,"",5
4353543,counts,4975,13157221,,,_default,"",3
4353544,counts,4975,13157273,,,_default,"",1
4353545,counts,4975,13157295,,,_default,"",5
4353546,counts,4975,13157349,,,_default,"",2
4353547,counts,4975,13157352,,,_default,"",5
4353548,counts,4975,13157201,,,_default,"",""
4353549,counts,4975,13157051,,,_default,"",1
4353550,counts,4975,13157252,,,_default,"",5
4353551,counts,4975,13157405,,,_default,"",1
4353552,counts,4975,13157093,,,_default,"",5
4353553,counts,4975,13157122,,,_default,1,4
4353554,counts,4975,13157112,,,_default,"",5
4353555,counts,4975,13157125,,,_default,"",5
4353556,counts,4975,13157189,,,_default,"",5
4353557,counts,4975,13157237,,,_default,"",5
4353558,counts,4975,13157301,,,_default,"",4
4353559,counts,4975,13157166,,,_default,"",3
4353560,counts,4975,13157294,,,_default,"",5
4353561,counts,4975,13157353,,,_default,"",5
4353562,counts,4975,13157372,,,_default,"",5
4353563,counts,4975,13157299,,,_default,"",3
4353564,counts,4975,13157126,,,_default,1,6
4353565,counts,4975,13157183,,,_default,"",2
4353566,counts,4975,13157190,,,_default,"",5
4353567,counts,4975,13157248,,,_default,"",""
4353568,counts,4975,13157333,,,_default,"",2
4353569,counts,4975,13157325,,,_default,"",6
4353570,counts,4975,13157350,,,_default,"",5
4353571,counts,4975,13157168,,,_default,"",3
4353572,counts,4975,13157216,,,_default,"",""
4353573,counts,4975,13157218,,,_default,"",1
4353574,counts,4975,13157267,,,_default,"",5
4353575,counts,4975,13157280,,,_default,"",5
4353576,counts,4975,13157311,,,_default,"",1
4353577,counts,4975,13157040,,,_default,"",3
4353578,counts,4975,13157171,,,_default,"",5
4353579,counts,4975,13157195,,,_default,"",5
4353580,counts,4975,13157213,,,_default,"",5
4353581,counts,4975,13157249,,,_default,"",5
4353582,counts,4975,13157269,,,_default,"",5
4353583,counts,4975,13157272,,,_default,"",1
4353584,counts,4975,13157401,,,_default,"",5
4353585,counts,4975,13157090,,,_default,"",3
4353586,counts,4975,13157144,,,_default,"",5
4353587,counts,4975,13157187,,,_default,"",5
4353588,counts,4975,13157315,,,_default,"",5
4353589,counts,4975,13157317,,,_default,"",7
4353590,counts,4975,13157339,,,_default,"",5
4353591,counts,4975,13157359,,,_default,"",1
4353592,counts,4975,13157387,,,_default,"",5
4353593,counts,4975,13157101,,,_default,"",5
4353594,counts,4975,13157103,,,_default,"",5
4353595,counts,4975,13157121,,,_default,"",5
4353596,counts,4975,13157132,,,_default,"",2
4353597,counts,4975,13157232,,,_default,"",4
4353598,counts,4975,13157367,,,_default,"",5
4353599,counts,4975,13157388,,,_default,"",3
4353600,counts,4975,13157050,,,_default,"",5
4353601,counts,4975,13157151,,,_default,"",2
4353602,counts,4975,13157217,,,_default,"",""
4353603,counts,4975,13157255,,,_default,"",5
4353604,counts,4975,13157114,,,_default,"",""
4353605,counts,4975,13157147,,,_default,"",5
4353606,counts,4975,13157184,,,_default,"",3
4353607,counts,4975,13157204,,,_default,"",5
4353608,counts,4975,13157235,,,_default,"",5
4353609,counts,4975,13157326,,,_default,"",5
4353611,counts,4975,13157298,,,_default,"",2
4353612,counts,4975,13157331,,,_default,"",5
4353613,counts,4975,13157048,,,_default,"",3
4353614,counts,4975,13157202,,,_default,"",4
4353615,counts,4975,13157410,,,_default,"",""
4353616,counts,4975,13157219,,,_default,"",4
4353617,counts,4975,13157139,,,_default,"",5
4353618,counts,4975,13157246,,,_default,"",1
4353619,counts,4975,13157306,,,_default,1,8
4353620,counts,4975,13157321,,,_default,"",""
4353621,counts,4975,13157097,,,_default,"",5
4353622,counts,4975,13157344,,,_default,"",5
4353623,counts,4975,13157411,,,_default,"",2
4353624,counts,4975,13157037,,,_default,"",5
4353625,counts,4975,13157066,,,_default,"",4
4353626,counts,4975,13157069,,,_default,"",4
4353627,counts,4975,13157199,,,_default,"",""
4353628,counts,4975,13157366,,,_default,"",5
4353629,counts,4975,13157382,,,_default,"",1
4353630,counts,4975,13157391,,,_default,"",5
4353631,counts,4975,13157400,,,_default,"",4
4353632,counts,4975,13157314,,,_default,"",1
4353634,counts,4975,13157415,,,_default,"",5
4353635,counts,4975,13157061,,,_default,"",1
4353636,counts,4975,13157052,,,_default,"",5
4353637,counts,4975,13157115,,,_default,"",3
4353638,counts,4975,13157127,,,_default,"",5
4353639,counts,4975,13157154,,,_default,"",5
4353640,counts,4975,13157084,,,_default,"",5
4353641,counts,4975,13157175,,,_default,"",5
4353642,counts,4975,13157212,,,_default,"",5
4353643,counts,4975,13157136,,,_default,"",5
4353644,counts,4975,13157332,,,_default,"",4
4353645,counts,4975,13157357,,,_default,"",2
4353646,counts,4975,13157371,,,_default,"",1
4353647,counts,4975,13157055,,,_default,"",5
4353648,counts,4975,13157063,,,_default,"",7
4353649,counts,4975,13157181,,,_default,"",4
4353650,counts,4975,13157182,,,_default,"",5
4353651,counts,4975,13157260,,,_default,"",2
4353652,counts,4975,13157258,,,_default,"",3
4353653,counts,4975,13157261,,,_default,"",3
4353654,counts,4975,13157274,,,_default,"",""
4353655,counts,4975,13157312,,,_default,"",1
4353656,counts,4975,13157328,,,_default,"",5
4353657,counts,4975,13157319,,,_default,"",5
4353658,counts,4975,13157363,,,_default,"",5
4353662,counts,4975,13157041,,,_default,"",5
4353663,counts,4975,13157058,,,_default,1,5
4353664,counts,4975,13157369,,,_default,"",1
4353665,counts,4975,13157078,,,_default,"",5
4353666,counts,4975,13157129,,,_default,"",6
4353667,counts,4975,13157282,,,_default,"",5
4353668,counts,4975,13157302,,,_default,"",2
4353669,counts,4975,13157340,,,_default,"",5
4353670,counts,4975,13157384,,,_default,"",3
4353671,counts,4975,13157238,,,_default,"",5
4353672,counts,4975,13157283,,,_default,"",6
4353673,counts,4975,13157323,,,_default,"",2
4353674,counts,4975,13157348,,,_default,"",2
4353675,counts,4975,13157355,,,_default,"",6
4353676,counts,4975,13157376,,,_default,"",7
4353677,counts,4975,13157056,,,_default,"",5
4353678,counts,4975,13157076,,,_default,"",3
4353685,counts,4975,13157095,,,_default,"",5
4353687,counts,4975,13157153,,,_default,"",5
4353688,counts,4975,13157160,,,_default,"",5
4353689,counts,4975,13157284,,,_default,"",5
4353690,counts,4975,13157324,,,_default,"",1
4353691,counts,4975,13157336,,,_default,"",1
4353692,counts,4975,13157360,,,_default,"",3
4353693,counts,4975,13157226,,,_default,"",5
4353694,counts,4975,13157377,,,_default,"",5
4353698,counts,4975,13157229,,,_default,"",5
4353699,counts,4975,13157236,,,_default,"",6
4353700,counts,4975,13157276,,,_default,"",5
4353704,counts,4975,13157275,,,_default,"",5
4353705,counts,4975,13157036,,,_default,"",5
4353706,counts,4975,13157099,,,_default,"",4
4353707,counts,4975,13157135,,,_default,"",1
4353708,counts,4975,13157194,,,_default,"",5
4353709,counts,4975,13157177,,,_default,"",6
4353710,counts,4975,13157178,,,_default,"",5
4353711,counts,4975,13157197,,,_default,"",5
4353712,counts,4975,13157338,,,_default,"",5
4353713,counts,4975,13157320,,,_default,"",5
4353714,counts,4975,13157392,,,_default,1,6
4353715,counts,4975,13157297,,,_default,"",6
4353716,counts,4975,13157032,,,_default,"",3
4353717,counts,4975,13157134,,,_default,"",5
4353719,counts,4975,13157364,,,_default,1,5
4353720,counts,4975,13157296,,,_default,"",5
4353721,counts,4975,13157303,,,_default,"",5
4353722,counts,4975,13157305,,,_default,"",5
4353723,counts,4975,13157308,,,_default,"",5
4353724,counts,4975,13157329,,,_default,"",5
4353725,counts,4975,13157341,,,_default,"",5
4353726,counts,4975,13157381,,,_default,"",3
4353727,counts,4975,13157137,,,_default,"",5
4353728,counts,4975,13157142,,,_default,1,5
4353732,counts,4975,13157227,,,_default,"",6
4353733,counts,4975,13157380,,,_default,"",1
4353737,counts,4975,13157047,,,_default,"",""
4353738,counts,4975,13157071,,,_default,"",5
4353739,counts,4975,13157094,,,_default,"",5
4353743,counts,4975,13157244,,,_default,"",2
4353744,counts,4975,13157259,,,_default,"",5
4353745,counts,4975,13157279,,,_default,"",5
4353746,counts,4975,13157286,,,_default,"",1
4353747,counts,4975,13157404,,,_default,"",2
4353748,counts,4975,13157337,,,_default,"",2
4353749,counts,4975,13157214,,,_default,"",""
4353751,counts,4975,13157225,,,_default,"",5
4353752,counts,4975,13157245,,,_default,"",""
4353753,counts,4975,13157162,,,_default,"",5
4353754,counts,4975,13157250,,,_default,"",6
4353755,counts,4975,13157080,,,_default,"",5
4353756,counts,4975,13157346,,,_default,"",2
4353757,counts,4975,13157385,,,_default,"",5
4353758,counts,4975,13157085,,,_default,"",1
4353759,counts,4975,13157119,,,_default,"",5
4353760,counts,4975,13157155,,,_default,"",5
4353761,counts,4975,13157192,,,_default,"",5
4353762,counts,4975,13157196,,,_default,"",5
4353763,counts,4975,13157304,,,_default,"",5
4353764,counts,4975,13157347,,,_default,"",""
4353765,counts,4975,13157049,,,_default,"",5
4353766,counts,4975,13157113,,,_default,"",5
4353770,counts,4975,13157242,,,_default,"",5
4353771,counts,4975,13157379,,,_default,"",2
4353772,counts,4975,13157394,,,_default,"",2
4353773,counts,4975,13157082,,,_default,"",5
4353774,counts,4975,13157087,,,_default,3,4
4353775,counts,4975,13157342,,,_default,"",5
4353779,counts,4975,13157157,,,_default,"",6
4353780,counts,4975,13157186,,,_default,"",5
4353784,counts,4975,13157265,,,_default,"",5
4353785,counts,4975,13157313,,,_default,"",1
4353786,counts,4975,13157029,,,_default,"",5
4353787,counts,4975,13157247,,,_default,"",3
4353788,counts,4975,13157307,,,_default,"",5
4353789,counts,4975,13157370,,,_default,"",""
4353790,counts,4975,13157365,,,_default,"",5
4353791,counts,4975,13157386,,,_default,"",6
4353792,counts,4975,13157222,,,_default,"",5
4353793,counts,4975,13157408,,,_default,"",2
4353794,counts,4975,13157124,,,_default,"",1
4353795,counts,4975,13157146,,,_default,"",5
4353796,counts,4975,13157220,,,_default,"",2
4353797,counts,4975,13157231,,,_default,"",1
4353798,counts,4975,13157239,,,_default,"",5
4353799,counts,4975,13157293,,,_default,"",5
4353800,counts,4975,13157327,,,_default,"",5
4353801,counts,4975,13157402,,,_default,"",5
4353802,counts,4975,13157406,,,_default,"",5
4353803,counts,4975,13157149,,,_default,"",2
4353804,counts,4975,13157358,,,_default,"",1
4353805,counts,4975,13157361,,,_default,"",5
